facility_code,facility_name,lga,report_month,report_quarter,indicator_code,indicator_name,domain,numerator,denominator,indicator_value,unit,target_value,direction,met_target,gap_vs_target
CH-007,Kuje Cottage Hospital,Kuje,2024-07,2024-Q3,ANC4,ANC4 coverage,Antenatal care,18.0,45.0,40.0,percent,70,higher_is_better,False,-30.0
CH-007,Kuje Cottage Hospital,Kuje,2024-08,2024-Q3,ANC4,ANC4 coverage,Antenatal care,21.0,45.0,46.7,percent,70,higher_is_better,False,-23.3
CH-007,Kuje Cottage Hospital,Kuje,2024-09,2024-Q3,ANC4,ANC4 coverage,Antenatal care,30.0,45.0,66.7,percent,70,higher_is_better,False,-3.3
CH-007,Kuje Cottage Hospital,Kuje,2024-10,2024-Q4,ANC4,ANC4 coverage,Antenatal care,32.0,45.0,71.1,percent,70,higher_is_better,True,1.1
CH-007,Kuje Cottage Hospital,Kuje,2024-11,2024-Q4,ANC4,ANC4 coverage,Antenatal care,28.0,45.0,62.2,percent,70,higher_is_better,False,-7.8
CH-007,Kuje Cottage Hospital,Kuje,2024-12,2024-Q4,ANC4,ANC4 coverage,Antenatal care,29.0,45.0,64.4,percent,70,higher_is_better,False,-5.6
CH-007,Kuje Cottage Hospital,Kuje,2025-01,2025-Q1,ANC4,ANC4 coverage,Antenatal care,30.0,45.0,66.7,percent,70,higher_is_better,False,-3.3
CH-007,Kuje Cottage Hospital,Kuje,2025-02,2025-Q1,ANC4,ANC4 coverage,Antenatal care,34.0,45.0,75.6,percent,70,higher_is_better,True,5.6
CH-007,Kuje Cottage Hospital,Kuje,2025-03,2025-Q1,ANC4,ANC4 coverage,Antenatal care,30.0,45.0,66.7,percent,70,higher_is_better,False,-3.3
CH-007,Kuje Cottage Hospital,Kuje,2025-04,2025-Q2,ANC4,ANC4 coverage,Antenatal care,28.0,45.0,62.2,percent,70,higher_is_better,False,-7.8
CH-007,Kuje Cottage Hospital,Kuje,2025-05,2025-Q2,ANC4,ANC4 coverage,Antenatal care,33.0,45.0,73.3,percent,70,higher_is_better,True,3.3
CH-007,Kuje Cottage Hospital,Kuje,2025-06,2025-Q2,ANC4,ANC4 coverage,Antenatal care,21.0,45.0,46.7,percent,70,higher_is_better,False,-23.3
CH-007,Kuje Cottage Hospital,Kuje,2025-07,2025-Q3,ANC4,ANC4 coverage,Antenatal care,32.0,45.0,71.1,percent,70,higher_is_better,True,1.1
CH-007,Kuje Cottage Hospital,Kuje,2025-08,2025-Q3,ANC4,ANC4 coverage,Antenatal care,32.0,45.0,71.1,percent,70,higher_is_better,True,1.1
CH-007,Kuje Cottage Hospital,Kuje,2025-09,2025-Q3,ANC4,ANC4 coverage,Antenatal care,27.0,45.0,60.0,percent,70,higher_is_better,False,-10.0
CH-007,Kuje Cottage Hospital,Kuje,2025-10,2025-Q4,ANC4,ANC4 coverage,Antenatal care,31.0,45.0,68.9,percent,70,higher_is_better,False,-1.1
CH-007,Kuje Cottage Hospital,Kuje,2025-11,2025-Q4,ANC4,ANC4 coverage,Antenatal care,32.0,45.0,71.1,percent,70,higher_is_better,True,1.1
CH-007,Kuje Cottage Hospital,Kuje,2025-12,2025-Q4,ANC4,ANC4 coverage,Antenatal care,36.0,45.0,80.0,percent,70,higher_is_better,True,10.0
CH-007,Kuje Cottage Hospital,Kuje,2026-01,2026-Q1,ANC4,ANC4 coverage,Antenatal care,36.0,45.0,80.0,percent,70,higher_is_better,True,10.0
CH-007,Kuje Cottage Hospital,Kuje,2026-02,2026-Q1,ANC4,ANC4 coverage,Antenatal care,34.0,45.0,75.6,percent,70,higher_is_better,True,5.6
CH-007,Kuje Cottage Hospital,Kuje,2026-03,2026-Q1,ANC4,ANC4 coverage,Antenatal care,31.0,45.0,68.9,percent,70,higher_is_better,False,-1.1
CH-007,Kuje Cottage Hospital,Kuje,2026-04,2026-Q2,ANC4,ANC4 coverage,Antenatal care,33.0,45.0,73.3,percent,70,higher_is_better,True,3.3
CH-007,Kuje Cottage Hospital,Kuje,2026-05,2026-Q2,ANC4,ANC4 coverage,Antenatal care,34.0,45.0,75.6,percent,70,higher_is_better,True,5.6
CH-007,Kuje Cottage Hospital,Kuje,2026-06,2026-Q2,ANC4,ANC4 coverage,Antenatal care,30.0,45.0,66.7,percent,70,higher_is_better,False,-3.3
CH-011,Kubwa Cottage Hospital,Bwari,2024-07,2024-Q3,ANC4,ANC4 coverage,Antenatal care,38.0,62.3,61.0,percent,70,higher_is_better,False,-9.0
CH-011,Kubwa Cottage Hospital,Bwari,2024-08,2024-Q3,ANC4,ANC4 coverage,Antenatal care,37.0,62.3,59.4,percent,70,higher_is_better,False,-10.6
CH-011,Kubwa Cottage Hospital,Bwari,2024-09,2024-Q3,ANC4,ANC4 coverage,Antenatal care,44.0,62.3,70.6,percent,70,higher_is_better,True,0.6
CH-011,Kubwa Cottage Hospital,Bwari,2024-10,2024-Q4,ANC4,ANC4 coverage,Antenatal care,39.0,62.3,62.6,percent,70,higher_is_better,False,-7.4
CH-011,Kubwa Cottage Hospital,Bwari,2024-11,2024-Q4,ANC4,ANC4 coverage,Antenatal care,43.0,62.3,69.0,percent,70,higher_is_better,False,-1.0
CH-011,Kubwa Cottage Hospital,Bwari,2024-12,2024-Q4,ANC4,ANC4 coverage,Antenatal care,40.0,62.3,64.2,percent,70,higher_is_better,False,-5.8
CH-011,Kubwa Cottage Hospital,Bwari,2025-01,2025-Q1,ANC4,ANC4 coverage,Antenatal care,38.0,62.3,61.0,percent,70,higher_is_better,False,-9.0
CH-011,Kubwa Cottage Hospital,Bwari,2025-02,2025-Q1,ANC4,ANC4 coverage,Antenatal care,46.0,62.3,73.8,percent,70,higher_is_better,True,3.8
CH-011,Kubwa Cottage Hospital,Bwari,2025-03,2025-Q1,ANC4,ANC4 coverage,Antenatal care,42.0,62.3,67.4,percent,70,higher_is_better,False,-2.6
CH-011,Kubwa Cottage Hospital,Bwari,2025-04,2025-Q2,ANC4,ANC4 coverage,Antenatal care,40.0,62.3,64.2,percent,70,higher_is_better,False,-5.8
CH-011,Kubwa Cottage Hospital,Bwari,2025-05,2025-Q2,ANC4,ANC4 coverage,Antenatal care,38.0,62.3,61.0,percent,70,higher_is_better,False,-9.0
CH-011,Kubwa Cottage Hospital,Bwari,2025-06,2025-Q2,ANC4,ANC4 coverage,Antenatal care,33.0,62.3,53.0,percent,70,higher_is_better,False,-17.0
CH-011,Kubwa Cottage Hospital,Bwari,2025-07,2025-Q3,ANC4,ANC4 coverage,Antenatal care,43.0,62.3,69.0,percent,70,higher_is_better,False,-1.0
CH-011,Kubwa Cottage Hospital,Bwari,2025-08,2025-Q3,ANC4,ANC4 coverage,Antenatal care,37.0,62.3,59.4,percent,70,higher_is_better,False,-10.6
CH-011,Kubwa Cottage Hospital,Bwari,2025-09,2025-Q3,ANC4,ANC4 coverage,Antenatal care,37.0,62.3,59.4,percent,70,higher_is_better,False,-10.6
CH-011,Kubwa Cottage Hospital,Bwari,2025-10,2025-Q4,ANC4,ANC4 coverage,Antenatal care,41.0,62.3,65.8,percent,70,higher_is_better,False,-4.2
CH-011,Kubwa Cottage Hospital,Bwari,2025-11,2025-Q4,ANC4,ANC4 coverage,Antenatal care,43.0,62.3,69.0,percent,70,higher_is_better,False,-1.0
CH-011,Kubwa Cottage Hospital,Bwari,2025-12,2025-Q4,ANC4,ANC4 coverage,Antenatal care,44.0,62.3,70.6,percent,70,higher_is_better,True,0.6
CH-011,Kubwa Cottage Hospital,Bwari,2026-01,2026-Q1,ANC4,ANC4 coverage,Antenatal care,49.0,62.3,78.7,percent,70,higher_is_better,True,8.7
CH-011,Kubwa Cottage Hospital,Bwari,2026-02,2026-Q1,ANC4,ANC4 coverage,Antenatal care,45.0,62.3,72.2,percent,70,higher_is_better,True,2.2
CH-011,Kubwa Cottage Hospital,Bwari,2026-03,2026-Q1,ANC4,ANC4 coverage,Antenatal care,52.0,62.3,83.5,percent,70,higher_is_better,True,13.5
CH-011,Kubwa Cottage Hospital,Bwari,2026-04,2026-Q2,ANC4,ANC4 coverage,Antenatal care,43.0,62.3,69.0,percent,70,higher_is_better,False,-1.0
CH-011,Kubwa Cottage Hospital,Bwari,2026-05,2026-Q2,ANC4,ANC4 coverage,Antenatal care,34.0,62.3,54.6,percent,70,higher_is_better,False,-15.4
CH-011,Kubwa Cottage Hospital,Bwari,2026-06,2026-Q2,ANC4,ANC4 coverage,Antenatal care,37.0,62.3,59.4,percent,70,higher_is_better,False,-10.6
GH-004,Gwagwalada General Hosp,Gwagwalada,2024-07,2024-Q3,ANC4,ANC4 coverage,Antenatal care,56.0,80.0,70.0,percent,70,higher_is_better,True,0.0
GH-004,Gwagwalada General Hosp,Gwagwalada,2024-08,2024-Q3,ANC4,ANC4 coverage,Antenatal care,62.0,80.0,77.5,percent,70,higher_is_better,True,7.5
GH-004,Gwagwalada General Hosp,Gwagwalada,2024-09,2024-Q3,ANC4,ANC4 coverage,Antenatal care,44.0,80.0,55.0,percent,70,higher_is_better,False,-15.0
GH-004,Gwagwalada General Hosp,Gwagwalada,2024-10,2024-Q4,ANC4,ANC4 coverage,Antenatal care,65.0,80.0,81.3,percent,70,higher_is_better,True,11.3
GH-004,Gwagwalada General Hosp,Gwagwalada,2024-11,2024-Q4,ANC4,ANC4 coverage,Antenatal care,79.0,80.0,98.8,percent,70,higher_is_better,True,28.8
GH-004,Gwagwalada General Hosp,Gwagwalada,2024-12,2024-Q4,ANC4,ANC4 coverage,Antenatal care,72.0,80.0,90.0,percent,70,higher_is_better,True,20.0
GH-004,Gwagwalada General Hosp,Gwagwalada,2025-01,2025-Q1,ANC4,ANC4 coverage,Antenatal care,66.0,80.0,82.5,percent,70,higher_is_better,True,12.5
GH-004,Gwagwalada General Hosp,Gwagwalada,2025-02,2025-Q1,ANC4,ANC4 coverage,Antenatal care,77.0,80.0,96.3,percent,70,higher_is_better,True,26.3
GH-004,Gwagwalada General Hosp,Gwagwalada,2025-03,2025-Q1,ANC4,ANC4 coverage,Antenatal care,58.0,80.0,72.5,percent,70,higher_is_better,True,2.5
GH-004,Gwagwalada General Hosp,Gwagwalada,2025-04,2025-Q2,ANC4,ANC4 coverage,Antenatal care,74.0,80.0,92.5,percent,70,higher_is_better,True,22.5
GH-004,Gwagwalada General Hosp,Gwagwalada,2025-05,2025-Q2,ANC4,ANC4 coverage,Antenatal care,67.0,80.0,83.8,percent,70,higher_is_better,True,13.8
GH-004,Gwagwalada General Hosp,Gwagwalada,2025-06,2025-Q2,ANC4,ANC4 coverage,Antenatal care,58.0,80.0,72.5,percent,70,higher_is_better,True,2.5
GH-004,Gwagwalada General Hosp,Gwagwalada,2025-07,2025-Q3,ANC4,ANC4 coverage,Antenatal care,60.0,80.0,75.0,percent,70,higher_is_better,True,5.0
GH-004,Gwagwalada General Hosp,Gwagwalada,2025-08,2025-Q3,ANC4,ANC4 coverage,Antenatal care,61.0,80.0,76.3,percent,70,higher_is_better,True,6.3
GH-004,Gwagwalada General Hosp,Gwagwalada,2025-09,2025-Q3,ANC4,ANC4 coverage,Antenatal care,42.0,80.0,52.5,percent,70,higher_is_better,False,-17.5
GH-004,Gwagwalada General Hosp,Gwagwalada,2025-10,2025-Q4,ANC4,ANC4 coverage,Antenatal care,65.0,80.0,81.3,percent,70,higher_is_better,True,11.3
GH-004,Gwagwalada General Hosp,Gwagwalada,2025-11,2025-Q4,ANC4,ANC4 coverage,Antenatal care,64.0,80.0,80.0,percent,70,higher_is_better,True,10.0
GH-004,Gwagwalada General Hosp,Gwagwalada,2025-12,2025-Q4,ANC4,ANC4 coverage,Antenatal care,78.0,80.0,97.5,percent,70,higher_is_better,True,27.5
GH-004,Gwagwalada General Hosp,Gwagwalada,2026-01,2026-Q1,ANC4,ANC4 coverage,Antenatal care,67.0,80.0,83.8,percent,70,higher_is_better,True,13.8
GH-004,Gwagwalada General Hosp,Gwagwalada,2026-02,2026-Q1,ANC4,ANC4 coverage,Antenatal care,69.0,80.0,86.3,percent,70,higher_is_better,True,16.3
GH-004,Gwagwalada General Hosp,Gwagwalada,2026-03,2026-Q1,ANC4,ANC4 coverage,Antenatal care,63.0,80.0,78.8,percent,70,higher_is_better,True,8.8
GH-004,Gwagwalada General Hosp,Gwagwalada,2026-04,2026-Q2,ANC4,ANC4 coverage,Antenatal care,65.0,80.0,81.3,percent,70,higher_is_better,True,11.3
GH-004,Gwagwalada General Hosp,Gwagwalada,2026-05,2026-Q2,ANC4,ANC4 coverage,Antenatal care,64.0,80.0,80.0,percent,70,higher_is_better,True,10.0
GH-004,Gwagwalada General Hosp,Gwagwalada,2026-06,2026-Q2,ANC4,ANC4 coverage,Antenatal care,68.0,80.0,85.0,percent,70,higher_is_better,True,15.0
PHC-001,Gwagwalada PHC,Gwagwalada,2024-07,2024-Q3,ANC4,ANC4 coverage,Antenatal care,23.0,32.7,70.3,percent,70,higher_is_better,True,0.3
PHC-001,Gwagwalada PHC,Gwagwalada,2024-08,2024-Q3,ANC4,ANC4 coverage,Antenatal care,23.0,32.7,70.3,percent,70,higher_is_better,True,0.3
PHC-001,Gwagwalada PHC,Gwagwalada,2024-09,2024-Q3,ANC4,ANC4 coverage,Antenatal care,21.0,32.7,64.2,percent,70,higher_is_better,False,-5.8
PHC-001,Gwagwalada PHC,Gwagwalada,2024-10,2024-Q4,ANC4,ANC4 coverage,Antenatal care,26.0,32.7,79.5,percent,70,higher_is_better,True,9.5
PHC-001,Gwagwalada PHC,Gwagwalada,2024-11,2024-Q4,ANC4,ANC4 coverage,Antenatal care,29.0,32.7,88.7,percent,70,higher_is_better,True,18.7
PHC-001,Gwagwalada PHC,Gwagwalada,2024-12,2024-Q4,ANC4,ANC4 coverage,Antenatal care,33.0,32.7,100.9,percent,70,higher_is_better,True,30.9
PHC-001,Gwagwalada PHC,Gwagwalada,2025-01,2025-Q1,ANC4,ANC4 coverage,Antenatal care,28.0,32.7,85.6,percent,70,higher_is_better,True,15.6
PHC-001,Gwagwalada PHC,Gwagwalada,2025-02,2025-Q1,ANC4,ANC4 coverage,Antenatal care,27.0,32.7,82.6,percent,70,higher_is_better,True,12.6
PHC-001,Gwagwalada PHC,Gwagwalada,2025-03,2025-Q1,ANC4,ANC4 coverage,Antenatal care,29.0,32.7,88.7,percent,70,higher_is_better,True,18.7
PHC-001,Gwagwalada PHC,Gwagwalada,2025-04,2025-Q2,ANC4,ANC4 coverage,Antenatal care,20.0,32.7,61.2,percent,70,higher_is_better,False,-8.8
PHC-001,Gwagwalada PHC,Gwagwalada,2025-05,2025-Q2,ANC4,ANC4 coverage,Antenatal care,25.0,32.7,76.5,percent,70,higher_is_better,True,6.5
PHC-001,Gwagwalada PHC,Gwagwalada,2025-06,2025-Q2,ANC4,ANC4 coverage,Antenatal care,22.0,32.7,67.3,percent,70,higher_is_better,False,-2.7
PHC-001,Gwagwalada PHC,Gwagwalada,2025-07,2025-Q3,ANC4,ANC4 coverage,Antenatal care,26.0,32.7,79.5,percent,70,higher_is_better,True,9.5
PHC-001,Gwagwalada PHC,Gwagwalada,2025-08,2025-Q3,ANC4,ANC4 coverage,Antenatal care,24.0,32.7,73.4,percent,70,higher_is_better,True,3.4
PHC-001,Gwagwalada PHC,Gwagwalada,2025-09,2025-Q3,ANC4,ANC4 coverage,Antenatal care,27.0,32.7,82.6,percent,70,higher_is_better,True,12.6
PHC-001,Gwagwalada PHC,Gwagwalada,2025-10,2025-Q4,ANC4,ANC4 coverage,Antenatal care,26.0,32.7,79.5,percent,70,higher_is_better,True,9.5
PHC-001,Gwagwalada PHC,Gwagwalada,2025-11,2025-Q4,ANC4,ANC4 coverage,Antenatal care,30.0,32.7,91.7,percent,70,higher_is_better,True,21.7
PHC-001,Gwagwalada PHC,Gwagwalada,2025-12,2025-Q4,ANC4,ANC4 coverage,Antenatal care,30.0,32.7,91.7,percent,70,higher_is_better,True,21.7
PHC-001,Gwagwalada PHC,Gwagwalada,2026-01,2026-Q1,ANC4,ANC4 coverage,Antenatal care,26.0,32.7,79.5,percent,70,higher_is_better,True,9.5
PHC-001,Gwagwalada PHC,Gwagwalada,2026-02,2026-Q1,ANC4,ANC4 coverage,Antenatal care,27.0,32.7,82.6,percent,70,higher_is_better,True,12.6
PHC-001,Gwagwalada PHC,Gwagwalada,2026-03,2026-Q1,ANC4,ANC4 coverage,Antenatal care,27.0,32.7,82.6,percent,70,higher_is_better,True,12.6
PHC-001,Gwagwalada PHC,Gwagwalada,2026-04,2026-Q2,ANC4,ANC4 coverage,Antenatal care,29.0,32.7,88.7,percent,70,higher_is_better,True,18.7
PHC-001,Gwagwalada PHC,Gwagwalada,2026-05,2026-Q2,ANC4,ANC4 coverage,Antenatal care,24.0,32.7,73.4,percent,70,higher_is_better,True,3.4
PHC-001,Gwagwalada PHC,Gwagwalada,2026-06,2026-Q2,ANC4,ANC4 coverage,Antenatal care,26.0,32.7,79.5,percent,70,higher_is_better,True,9.5
PHC-002,Dobi PHC,Gwagwalada,2024-07,2024-Q3,ANC4,ANC4 coverage,Antenatal care,4.0,14.0,28.6,percent,70,higher_is_better,False,-41.4
PHC-002,Dobi PHC,Gwagwalada,2024-08,2024-Q3,ANC4,ANC4 coverage,Antenatal care,7.0,14.0,50.0,percent,70,higher_is_better,False,-20.0
PHC-002,Dobi PHC,Gwagwalada,2024-09,2024-Q3,ANC4,ANC4 coverage,Antenatal care,5.0,14.0,35.7,percent,70,higher_is_better,False,-34.3
PHC-002,Dobi PHC,Gwagwalada,2024-10,2024-Q4,ANC4,ANC4 coverage,Antenatal care,6.0,14.0,42.9,percent,70,higher_is_better,False,-27.1
PHC-002,Dobi PHC,Gwagwalada,2024-11,2024-Q4,ANC4,ANC4 coverage,Antenatal care,7.0,14.0,50.0,percent,70,higher_is_better,False,-20.0
PHC-002,Dobi PHC,Gwagwalada,2024-12,2024-Q4,ANC4,ANC4 coverage,Antenatal care,7.0,14.0,50.0,percent,70,higher_is_better,False,-20.0
PHC-002,Dobi PHC,Gwagwalada,2025-01,2025-Q1,ANC4,ANC4 coverage,Antenatal care,5.0,14.0,35.7,percent,70,higher_is_better,False,-34.3
PHC-002,Dobi PHC,Gwagwalada,2025-02,2025-Q1,ANC4,ANC4 coverage,Antenatal care,6.0,14.0,42.9,percent,70,higher_is_better,False,-27.1
PHC-002,Dobi PHC,Gwagwalada,2025-03,2025-Q1,ANC4,ANC4 coverage,Antenatal care,6.0,14.0,42.9,percent,70,higher_is_better,False,-27.1
PHC-002,Dobi PHC,Gwagwalada,2025-04,2025-Q2,ANC4,ANC4 coverage,Antenatal care,7.0,14.0,50.0,percent,70,higher_is_better,False,-20.0
PHC-002,Dobi PHC,Gwagwalada,2025-05,2025-Q2,ANC4,ANC4 coverage,Antenatal care,6.0,14.0,42.9,percent,70,higher_is_better,False,-27.1
PHC-002,Dobi PHC,Gwagwalada,2025-06,2025-Q2,ANC4,ANC4 coverage,Antenatal care,4.0,14.0,28.6,percent,70,higher_is_better,False,-41.4
PHC-002,Dobi PHC,Gwagwalada,2025-07,2025-Q3,ANC4,ANC4 coverage,Antenatal care,5.0,14.0,35.7,percent,70,higher_is_better,False,-34.3
PHC-002,Dobi PHC,Gwagwalada,2025-08,2025-Q3,ANC4,ANC4 coverage,Antenatal care,5.0,14.0,35.7,percent,70,higher_is_better,False,-34.3
PHC-002,Dobi PHC,Gwagwalada,2025-09,2025-Q3,ANC4,ANC4 coverage,Antenatal care,6.0,14.0,42.9,percent,70,higher_is_better,False,-27.1
PHC-002,Dobi PHC,Gwagwalada,2025-10,2025-Q4,ANC4,ANC4 coverage,Antenatal care,5.0,14.0,35.7,percent,70,higher_is_better,False,-34.3
PHC-002,Dobi PHC,Gwagwalada,2025-11,2025-Q4,ANC4,ANC4 coverage,Antenatal care,6.0,14.0,42.9,percent,70,higher_is_better,False,-27.1
PHC-002,Dobi PHC,Gwagwalada,2025-12,2025-Q4,ANC4,ANC4 coverage,Antenatal care,7.0,14.0,50.0,percent,70,higher_is_better,False,-20.0
PHC-002,Dobi PHC,Gwagwalada,2026-01,2026-Q1,ANC4,ANC4 coverage,Antenatal care,7.0,14.0,50.0,percent,70,higher_is_better,False,-20.0
PHC-002,Dobi PHC,Gwagwalada,2026-02,2026-Q1,ANC4,ANC4 coverage,Antenatal care,7.0,14.0,50.0,percent,70,higher_is_better,False,-20.0
PHC-002,Dobi PHC,Gwagwalada,2026-03,2026-Q1,ANC4,ANC4 coverage,Antenatal care,6.0,14.0,42.9,percent,70,higher_is_better,False,-27.1
PHC-002,Dobi PHC,Gwagwalada,2026-04,2026-Q2,ANC4,ANC4 coverage,Antenatal care,6.0,14.0,42.9,percent,70,higher_is_better,False,-27.1
PHC-002,Dobi PHC,Gwagwalada,2026-05,2026-Q2,ANC4,ANC4 coverage,Antenatal care,6.0,14.0,42.9,percent,70,higher_is_better,False,-27.1
PHC-002,Dobi PHC,Gwagwalada,2026-06,2026-Q2,ANC4,ANC4 coverage,Antenatal care,5.0,14.0,35.7,percent,70,higher_is_better,False,-34.3
PHC-003,Zuba PHC,Gwagwalada,2024-07,2024-Q3,ANC4,ANC4 coverage,Antenatal care,11.0,21.7,50.7,percent,70,higher_is_better,False,-19.3
PHC-003,Zuba PHC,Gwagwalada,2024-08,2024-Q3,ANC4,ANC4 coverage,Antenatal care,12.0,21.7,55.3,percent,70,higher_is_better,False,-14.7
PHC-003,Zuba PHC,Gwagwalada,2024-09,2024-Q3,ANC4,ANC4 coverage,Antenatal care,12.0,21.7,55.3,percent,70,higher_is_better,False,-14.7
PHC-003,Zuba PHC,Gwagwalada,2024-10,2024-Q4,ANC4,ANC4 coverage,Antenatal care,15.0,21.7,69.1,percent,70,higher_is_better,False,-0.9
PHC-003,Zuba PHC,Gwagwalada,2024-11,2024-Q4,ANC4,ANC4 coverage,Antenatal care,17.0,21.7,78.3,percent,70,higher_is_better,True,8.3
PHC-003,Zuba PHC,Gwagwalada,2024-12,2024-Q4,ANC4,ANC4 coverage,Antenatal care,14.0,21.7,64.5,percent,70,higher_is_better,False,-5.5
PHC-003,Zuba PHC,Gwagwalada,2025-01,2025-Q1,ANC4,ANC4 coverage,Antenatal care,15.0,21.7,69.1,percent,70,higher_is_better,False,-0.9
PHC-003,Zuba PHC,Gwagwalada,2025-02,2025-Q1,ANC4,ANC4 coverage,Antenatal care,16.0,21.7,73.7,percent,70,higher_is_better,True,3.7
PHC-003,Zuba PHC,Gwagwalada,2025-03,2025-Q1,ANC4,ANC4 coverage,Antenatal care,14.0,21.7,64.5,percent,70,higher_is_better,False,-5.5
PHC-003,Zuba PHC,Gwagwalada,2025-04,2025-Q2,ANC4,ANC4 coverage,Antenatal care,15.0,21.7,69.1,percent,70,higher_is_better,False,-0.9
PHC-003,Zuba PHC,Gwagwalada,2025-05,2025-Q2,ANC4,ANC4 coverage,Antenatal care,19.0,21.7,87.6,percent,70,higher_is_better,True,17.6
PHC-003,Zuba PHC,Gwagwalada,2025-06,2025-Q2,ANC4,ANC4 coverage,Antenatal care,13.0,21.7,59.9,percent,70,higher_is_better,False,-10.1
PHC-003,Zuba PHC,Gwagwalada,2025-07,2025-Q3,ANC4,ANC4 coverage,Antenatal care,12.0,21.7,55.3,percent,70,higher_is_better,False,-14.7
PHC-003,Zuba PHC,Gwagwalada,2025-08,2025-Q3,ANC4,ANC4 coverage,Antenatal care,13.0,21.7,59.9,percent,70,higher_is_better,False,-10.1
PHC-003,Zuba PHC,Gwagwalada,2025-09,2025-Q3,ANC4,ANC4 coverage,Antenatal care,14.0,21.7,64.5,percent,70,higher_is_better,False,-5.5
PHC-003,Zuba PHC,Gwagwalada,2025-10,2025-Q4,ANC4,ANC4 coverage,Antenatal care,14.0,21.7,64.5,percent,70,higher_is_better,False,-5.5
PHC-003,Zuba PHC,Gwagwalada,2025-11,2025-Q4,ANC4,ANC4 coverage,Antenatal care,15.0,21.7,69.1,percent,70,higher_is_better,False,-0.9
PHC-003,Zuba PHC,Gwagwalada,2025-12,2025-Q4,ANC4,ANC4 coverage,Antenatal care,12.0,21.7,55.3,percent,70,higher_is_better,False,-14.7
PHC-003,Zuba PHC,Gwagwalada,2026-01,2026-Q1,ANC4,ANC4 coverage,Antenatal care,19.0,21.7,87.6,percent,70,higher_is_better,True,17.6
PHC-003,Zuba PHC,Gwagwalada,2026-02,2026-Q1,ANC4,ANC4 coverage,Antenatal care,15.0,21.7,69.1,percent,70,higher_is_better,False,-0.9
PHC-003,Zuba PHC,Gwagwalada,2026-03,2026-Q1,ANC4,ANC4 coverage,Antenatal care,28.0,21.7,129.0,percent,70,higher_is_better,True,59.0
PHC-003,Zuba PHC,Gwagwalada,2026-04,2026-Q2,ANC4,ANC4 coverage,Antenatal care,17.0,21.7,78.3,percent,70,higher_is_better,True,8.3
PHC-003,Zuba PHC,Gwagwalada,2026-05,2026-Q2,ANC4,ANC4 coverage,Antenatal care,16.0,21.7,73.7,percent,70,higher_is_better,True,3.7
PHC-003,Zuba PHC,Gwagwalada,2026-06,2026-Q2,ANC4,ANC4 coverage,Antenatal care,15.0,21.7,69.1,percent,70,higher_is_better,False,-0.9
PHC-005,Kuje PHC,Kuje,2024-07,2024-Q3,ANC4,ANC4 coverage,Antenatal care,5.0,17.0,29.4,percent,70,higher_is_better,False,-40.6
PHC-005,Kuje PHC,Kuje,2024-08,2024-Q3,ANC4,ANC4 coverage,Antenatal care,6.0,17.0,35.3,percent,70,higher_is_better,False,-34.7
PHC-005,Kuje PHC,Kuje,2024-09,2024-Q3,ANC4,ANC4 coverage,Antenatal care,6.0,17.0,35.3,percent,70,higher_is_better,False,-34.7
PHC-005,Kuje PHC,Kuje,2024-10,2024-Q4,ANC4,ANC4 coverage,Antenatal care,6.0,17.0,35.3,percent,70,higher_is_better,False,-34.7
PHC-005,Kuje PHC,Kuje,2024-11,2024-Q4,ANC4,ANC4 coverage,Antenatal care,7.0,17.0,41.2,percent,70,higher_is_better,False,-28.8
PHC-005,Kuje PHC,Kuje,2024-12,2024-Q4,ANC4,ANC4 coverage,Antenatal care,5.0,17.0,29.4,percent,70,higher_is_better,False,-40.6
PHC-005,Kuje PHC,Kuje,2025-01,2025-Q1,ANC4,ANC4 coverage,Antenatal care,7.0,17.0,41.2,percent,70,higher_is_better,False,-28.8
PHC-005,Kuje PHC,Kuje,2025-02,2025-Q1,ANC4,ANC4 coverage,Antenatal care,5.0,17.0,29.4,percent,70,higher_is_better,False,-40.6
PHC-005,Kuje PHC,Kuje,2025-03,2025-Q1,ANC4,ANC4 coverage,Antenatal care,5.0,17.0,29.4,percent,70,higher_is_better,False,-40.6
PHC-005,Kuje PHC,Kuje,2025-04,2025-Q2,ANC4,ANC4 coverage,Antenatal care,6.0,17.0,35.3,percent,70,higher_is_better,False,-34.7
PHC-005,Kuje PHC,Kuje,2025-05,2025-Q2,ANC4,ANC4 coverage,Antenatal care,6.0,17.0,35.3,percent,70,higher_is_better,False,-34.7
PHC-005,Kuje PHC,Kuje,2025-06,2025-Q2,ANC4,ANC4 coverage,Antenatal care,5.0,17.0,29.4,percent,70,higher_is_better,False,-40.6
PHC-005,Kuje PHC,Kuje,2025-07,2025-Q3,ANC4,ANC4 coverage,Antenatal care,6.0,17.0,35.3,percent,70,higher_is_better,False,-34.7
PHC-005,Kuje PHC,Kuje,2025-08,2025-Q3,ANC4,ANC4 coverage,Antenatal care,,17.0,,percent,70,higher_is_better,,
PHC-005,Kuje PHC,Kuje,2025-09,2025-Q3,ANC4,ANC4 coverage,Antenatal care,6.0,17.0,35.3,percent,70,higher_is_better,False,-34.7
PHC-005,Kuje PHC,Kuje,2025-10,2025-Q4,ANC4,ANC4 coverage,Antenatal care,6.0,17.0,35.3,percent,70,higher_is_better,False,-34.7
PHC-005,Kuje PHC,Kuje,2025-11,2025-Q4,ANC4,ANC4 coverage,Antenatal care,6.0,17.0,35.3,percent,70,higher_is_better,False,-34.7
PHC-005,Kuje PHC,Kuje,2025-12,2025-Q4,ANC4,ANC4 coverage,Antenatal care,5.0,17.0,29.4,percent,70,higher_is_better,False,-40.6
PHC-005,Kuje PHC,Kuje,2026-01,2026-Q1,ANC4,ANC4 coverage,Antenatal care,7.0,17.0,41.2,percent,70,higher_is_better,False,-28.8
PHC-005,Kuje PHC,Kuje,2026-02,2026-Q1,ANC4,ANC4 coverage,Antenatal care,6.0,17.0,35.3,percent,70,higher_is_better,False,-34.7
PHC-005,Kuje PHC,Kuje,2026-03,2026-Q1,ANC4,ANC4 coverage,Antenatal care,8.0,17.0,47.1,percent,70,higher_is_better,False,-22.9
PHC-005,Kuje PHC,Kuje,2026-04,2026-Q2,ANC4,ANC4 coverage,Antenatal care,5.0,17.0,29.4,percent,70,higher_is_better,False,-40.6
PHC-005,Kuje PHC,Kuje,2026-05,2026-Q2,ANC4,ANC4 coverage,Antenatal care,6.0,17.0,35.3,percent,70,higher_is_better,False,-34.7
PHC-005,Kuje PHC,Kuje,2026-06,2026-Q2,ANC4,ANC4 coverage,Antenatal care,5.0,17.0,29.4,percent,70,higher_is_better,False,-40.6
PHC-006,Gaube PHC,Kuje,2024-07,2024-Q3,ANC4,ANC4 coverage,Antenatal care,4.0,10.3,38.8,percent,70,higher_is_better,False,-31.2
PHC-006,Gaube PHC,Kuje,2024-08,2024-Q3,ANC4,ANC4 coverage,Antenatal care,3.0,10.3,29.1,percent,70,higher_is_better,False,-40.9
PHC-006,Gaube PHC,Kuje,2024-09,2024-Q3,ANC4,ANC4 coverage,Antenatal care,4.0,10.3,38.8,percent,70,higher_is_better,False,-31.2
PHC-006,Gaube PHC,Kuje,2024-10,2024-Q4,ANC4,ANC4 coverage,Antenatal care,4.0,10.3,38.8,percent,70,higher_is_better,False,-31.2
PHC-006,Gaube PHC,Kuje,2024-11,2024-Q4,ANC4,ANC4 coverage,Antenatal care,4.0,10.3,38.8,percent,70,higher_is_better,False,-31.2
PHC-006,Gaube PHC,Kuje,2024-12,2024-Q4,ANC4,ANC4 coverage,Antenatal care,4.0,10.3,38.8,percent,70,higher_is_better,False,-31.2
PHC-006,Gaube PHC,Kuje,2025-01,2025-Q1,ANC4,ANC4 coverage,Antenatal care,5.0,10.3,48.5,percent,70,higher_is_better,False,-21.5
PHC-006,Gaube PHC,Kuje,2025-02,2025-Q1,ANC4,ANC4 coverage,Antenatal care,6.0,10.3,58.3,percent,70,higher_is_better,False,-11.7
PHC-006,Gaube PHC,Kuje,2025-03,2025-Q1,ANC4,ANC4 coverage,Antenatal care,6.0,10.3,58.3,percent,70,higher_is_better,False,-11.7
PHC-006,Gaube PHC,Kuje,2025-04,2025-Q2,ANC4,ANC4 coverage,Antenatal care,5.0,10.3,48.5,percent,70,higher_is_better,False,-21.5
PHC-006,Gaube PHC,Kuje,2025-05,2025-Q2,ANC4,ANC4 coverage,Antenatal care,5.0,10.3,48.5,percent,70,higher_is_better,False,-21.5
PHC-006,Gaube PHC,Kuje,2025-06,2025-Q2,ANC4,ANC4 coverage,Antenatal care,3.0,10.3,29.1,percent,70,higher_is_better,False,-40.9
PHC-006,Gaube PHC,Kuje,2025-07,2025-Q3,ANC4,ANC4 coverage,Antenatal care,4.0,10.3,38.8,percent,70,higher_is_better,False,-31.2
PHC-006,Gaube PHC,Kuje,2025-08,2025-Q3,ANC4,ANC4 coverage,Antenatal care,4.0,10.3,38.8,percent,70,higher_is_better,False,-31.2
PHC-006,Gaube PHC,Kuje,2025-09,2025-Q3,ANC4,ANC4 coverage,Antenatal care,5.0,10.3,48.5,percent,70,higher_is_better,False,-21.5
PHC-006,Gaube PHC,Kuje,2025-10,2025-Q4,ANC4,ANC4 coverage,Antenatal care,6.0,10.3,58.3,percent,70,higher_is_better,False,-11.7
PHC-006,Gaube PHC,Kuje,2025-11,2025-Q4,ANC4,ANC4 coverage,Antenatal care,5.0,10.3,48.5,percent,70,higher_is_better,False,-21.5
PHC-006,Gaube PHC,Kuje,2025-12,2025-Q4,ANC4,ANC4 coverage,Antenatal care,5.0,10.3,48.5,percent,70,higher_is_better,False,-21.5
PHC-006,Gaube PHC,Kuje,2026-01,2026-Q1,ANC4,ANC4 coverage,Antenatal care,5.0,10.3,48.5,percent,70,higher_is_better,False,-21.5
PHC-006,Gaube PHC,Kuje,2026-02,2026-Q1,ANC4,ANC4 coverage,Antenatal care,5.0,10.3,48.5,percent,70,higher_is_better,False,-21.5
PHC-006,Gaube PHC,Kuje,2026-03,2026-Q1,ANC4,ANC4 coverage,Antenatal care,5.0,10.3,48.5,percent,70,higher_is_better,False,-21.5
PHC-006,Gaube PHC,Kuje,2026-04,2026-Q2,ANC4,ANC4 coverage,Antenatal care,4.0,10.3,38.8,percent,70,higher_is_better,False,-31.2
PHC-006,Gaube PHC,Kuje,2026-05,2026-Q2,ANC4,ANC4 coverage,Antenatal care,4.0,10.3,38.8,percent,70,higher_is_better,False,-31.2
PHC-006,Gaube PHC,Kuje,2026-06,2026-Q2,ANC4,ANC4 coverage,Antenatal care,5.0,10.3,48.5,percent,70,higher_is_better,False,-21.5
PHC-008,Rubochi PHC,Kuje,2024-07,2024-Q3,ANC4,ANC4 coverage,Antenatal care,6.0,9.7,61.9,percent,70,higher_is_better,False,-8.1
PHC-008,Rubochi PHC,Kuje,2024-08,2024-Q3,ANC4,ANC4 coverage,Antenatal care,5.0,9.7,51.5,percent,70,higher_is_better,False,-18.5
PHC-008,Rubochi PHC,Kuje,2024-09,2024-Q3,ANC4,ANC4 coverage,Antenatal care,6.0,9.7,61.9,percent,70,higher_is_better,False,-8.1
PHC-008,Rubochi PHC,Kuje,2024-10,2024-Q4,ANC4,ANC4 coverage,Antenatal care,6.0,9.7,61.9,percent,70,higher_is_better,False,-8.1
PHC-008,Rubochi PHC,Kuje,2024-11,2024-Q4,ANC4,ANC4 coverage,Antenatal care,6.0,9.7,61.9,percent,70,higher_is_better,False,-8.1
PHC-008,Rubochi PHC,Kuje,2024-12,2024-Q4,ANC4,ANC4 coverage,Antenatal care,6.0,9.7,61.9,percent,70,higher_is_better,False,-8.1
PHC-008,Rubochi PHC,Kuje,2025-01,2025-Q1,ANC4,ANC4 coverage,Antenatal care,6.0,9.7,61.9,percent,70,higher_is_better,False,-8.1
PHC-008,Rubochi PHC,Kuje,2025-02,2025-Q1,ANC4,ANC4 coverage,Antenatal care,7.0,9.7,72.2,percent,70,higher_is_better,True,2.2
PHC-008,Rubochi PHC,Kuje,2025-03,2025-Q1,ANC4,ANC4 coverage,Antenatal care,6.0,9.7,61.9,percent,70,higher_is_better,False,-8.1
PHC-008,Rubochi PHC,Kuje,2025-04,2025-Q2,ANC4,ANC4 coverage,Antenatal care,7.0,9.7,72.2,percent,70,higher_is_better,True,2.2
PHC-008,Rubochi PHC,Kuje,2025-05,2025-Q2,ANC4,ANC4 coverage,Antenatal care,7.0,9.7,72.2,percent,70,higher_is_better,True,2.2
PHC-008,Rubochi PHC,Kuje,2025-06,2025-Q2,ANC4,ANC4 coverage,Antenatal care,7.0,9.7,72.2,percent,70,higher_is_better,True,2.2
PHC-008,Rubochi PHC,Kuje,2025-07,2025-Q3,ANC4,ANC4 coverage,Antenatal care,5.0,9.7,51.5,percent,70,higher_is_better,False,-18.5
PHC-008,Rubochi PHC,Kuje,2025-08,2025-Q3,ANC4,ANC4 coverage,Antenatal care,7.0,9.7,72.2,percent,70,higher_is_better,True,2.2
PHC-008,Rubochi PHC,Kuje,2025-09,2025-Q3,ANC4,ANC4 coverage,Antenatal care,6.0,9.7,61.9,percent,70,higher_is_better,False,-8.1
PHC-008,Rubochi PHC,Kuje,2025-10,2025-Q4,ANC4,ANC4 coverage,Antenatal care,6.0,9.7,61.9,percent,70,higher_is_better,False,-8.1
PHC-008,Rubochi PHC,Kuje,2025-11,2025-Q4,ANC4,ANC4 coverage,Antenatal care,6.0,9.7,61.9,percent,70,higher_is_better,False,-8.1
PHC-008,Rubochi PHC,Kuje,2025-12,2025-Q4,ANC4,ANC4 coverage,Antenatal care,8.0,9.7,82.5,percent,70,higher_is_better,True,12.5
PHC-008,Rubochi PHC,Kuje,2026-01,2026-Q1,ANC4,ANC4 coverage,Antenatal care,7.0,9.7,72.2,percent,70,higher_is_better,True,2.2
PHC-008,Rubochi PHC,Kuje,2026-02,2026-Q1,ANC4,ANC4 coverage,Antenatal care,6.0,9.7,61.9,percent,70,higher_is_better,False,-8.1
PHC-008,Rubochi PHC,Kuje,2026-03,2026-Q1,ANC4,ANC4 coverage,Antenatal care,7.0,9.7,72.2,percent,70,higher_is_better,True,2.2
PHC-008,Rubochi PHC,Kuje,2026-04,2026-Q2,ANC4,ANC4 coverage,Antenatal care,6.0,9.7,61.9,percent,70,higher_is_better,False,-8.1
PHC-008,Rubochi PHC,Kuje,2026-05,2026-Q2,ANC4,ANC4 coverage,Antenatal care,8.0,9.7,82.5,percent,70,higher_is_better,True,12.5
PHC-008,Rubochi PHC,Kuje,2026-06,2026-Q2,ANC4,ANC4 coverage,Antenatal care,6.0,9.7,61.9,percent,70,higher_is_better,False,-8.1
PHC-009,Bwari PHC,Bwari,2024-07,2024-Q3,ANC4,ANC4 coverage,Antenatal care,19.0,24.7,76.9,percent,70,higher_is_better,True,6.9
PHC-009,Bwari PHC,Bwari,2024-08,2024-Q3,ANC4,ANC4 coverage,Antenatal care,18.0,24.7,72.9,percent,70,higher_is_better,True,2.9
PHC-009,Bwari PHC,Bwari,2024-09,2024-Q3,ANC4,ANC4 coverage,Antenatal care,16.0,24.7,64.8,percent,70,higher_is_better,False,-5.2
PHC-009,Bwari PHC,Bwari,2024-10,2024-Q4,ANC4,ANC4 coverage,Antenatal care,19.0,24.7,76.9,percent,70,higher_is_better,True,6.9
PHC-009,Bwari PHC,Bwari,2024-11,2024-Q4,ANC4,ANC4 coverage,Antenatal care,22.0,24.7,89.1,percent,70,higher_is_better,True,19.1
PHC-009,Bwari PHC,Bwari,2024-12,2024-Q4,ANC4,ANC4 coverage,Antenatal care,21.0,24.7,85.0,percent,70,higher_is_better,True,15.0
PHC-009,Bwari PHC,Bwari,2025-01,2025-Q1,ANC4,ANC4 coverage,Antenatal care,26.0,24.7,105.3,percent,70,higher_is_better,True,35.3
PHC-009,Bwari PHC,Bwari,2025-02,2025-Q1,ANC4,ANC4 coverage,Antenatal care,21.0,24.7,85.0,percent,70,higher_is_better,True,15.0
PHC-009,Bwari PHC,Bwari,2025-03,2025-Q1,ANC4,ANC4 coverage,Antenatal care,18.0,24.7,72.9,percent,70,higher_is_better,True,2.9
PHC-009,Bwari PHC,Bwari,2025-04,2025-Q2,ANC4,ANC4 coverage,Antenatal care,17.0,24.7,68.8,percent,70,higher_is_better,False,-1.2
PHC-009,Bwari PHC,Bwari,2025-05,2025-Q2,ANC4,ANC4 coverage,Antenatal care,18.0,24.7,72.9,percent,70,higher_is_better,True,2.9
PHC-009,Bwari PHC,Bwari,2025-06,2025-Q2,ANC4,ANC4 coverage,Antenatal care,19.0,24.7,76.9,percent,70,higher_is_better,True,6.9
PHC-009,Bwari PHC,Bwari,2025-07,2025-Q3,ANC4,ANC4 coverage,Antenatal care,21.0,24.7,85.0,percent,70,higher_is_better,True,15.0
PHC-009,Bwari PHC,Bwari,2025-08,2025-Q3,ANC4,ANC4 coverage,Antenatal care,19.0,24.7,76.9,percent,70,higher_is_better,True,6.9
PHC-009,Bwari PHC,Bwari,2025-09,2025-Q3,ANC4,ANC4 coverage,Antenatal care,22.0,24.7,89.1,percent,70,higher_is_better,True,19.1
PHC-009,Bwari PHC,Bwari,2025-10,2025-Q4,ANC4,ANC4 coverage,Antenatal care,21.0,24.7,85.0,percent,70,higher_is_better,True,15.0
PHC-009,Bwari PHC,Bwari,2025-11,2025-Q4,ANC4,ANC4 coverage,Antenatal care,24.0,24.7,97.2,percent,70,higher_is_better,True,27.2
PHC-009,Bwari PHC,Bwari,2025-12,2025-Q4,ANC4,ANC4 coverage,Antenatal care,26.0,24.7,105.3,percent,70,higher_is_better,True,35.3
PHC-009,Bwari PHC,Bwari,2026-01,2026-Q1,ANC4,ANC4 coverage,Antenatal care,18.0,24.7,72.9,percent,70,higher_is_better,True,2.9
PHC-009,Bwari PHC,Bwari,2026-02,2026-Q1,ANC4,ANC4 coverage,Antenatal care,22.0,24.7,89.1,percent,70,higher_is_better,True,19.1
PHC-009,Bwari PHC,Bwari,2026-03,2026-Q1,ANC4,ANC4 coverage,Antenatal care,20.0,24.7,81.0,percent,70,higher_is_better,True,11.0
PHC-009,Bwari PHC,Bwari,2026-04,2026-Q2,ANC4,ANC4 coverage,Antenatal care,21.0,24.7,85.0,percent,70,higher_is_better,True,15.0
PHC-009,Bwari PHC,Bwari,2026-05,2026-Q2,ANC4,ANC4 coverage,Antenatal care,21.0,24.7,85.0,percent,70,higher_is_better,True,15.0
PHC-009,Bwari PHC,Bwari,2026-06,2026-Q2,ANC4,ANC4 coverage,Antenatal care,17.0,24.7,68.8,percent,70,higher_is_better,False,-1.2
PHC-010,Ushafa PHC,Bwari,2024-07,2024-Q3,ANC4,ANC4 coverage,Antenatal care,5.0,12.0,41.7,percent,70,higher_is_better,False,-28.3
PHC-010,Ushafa PHC,Bwari,2024-08,2024-Q3,ANC4,ANC4 coverage,Antenatal care,4.0,12.0,33.3,percent,70,higher_is_better,False,-36.7
PHC-010,Ushafa PHC,Bwari,2024-09,2024-Q3,ANC4,ANC4 coverage,Antenatal care,4.0,12.0,33.3,percent,70,higher_is_better,False,-36.7
PHC-010,Ushafa PHC,Bwari,2024-10,2024-Q4,ANC4,ANC4 coverage,Antenatal care,4.0,12.0,33.3,percent,70,higher_is_better,False,-36.7
PHC-010,Ushafa PHC,Bwari,2024-11,2024-Q4,ANC4,ANC4 coverage,Antenatal care,4.0,12.0,33.3,percent,70,higher_is_better,False,-36.7
PHC-010,Ushafa PHC,Bwari,2024-12,2024-Q4,ANC4,ANC4 coverage,Antenatal care,4.0,12.0,33.3,percent,70,higher_is_better,False,-36.7
PHC-010,Ushafa PHC,Bwari,2025-01,2025-Q1,ANC4,ANC4 coverage,Antenatal care,4.0,12.0,33.3,percent,70,higher_is_better,False,-36.7
PHC-010,Ushafa PHC,Bwari,2025-02,2025-Q1,ANC4,ANC4 coverage,Antenatal care,4.0,12.0,33.3,percent,70,higher_is_better,False,-36.7
PHC-010,Ushafa PHC,Bwari,2025-03,2025-Q1,ANC4,ANC4 coverage,Antenatal care,5.0,12.0,41.7,percent,70,higher_is_better,False,-28.3
PHC-010,Ushafa PHC,Bwari,2025-04,2025-Q2,ANC4,ANC4 coverage,Antenatal care,4.0,12.0,33.3,percent,70,higher_is_better,False,-36.7
PHC-010,Ushafa PHC,Bwari,2025-05,2025-Q2,ANC4,ANC4 coverage,Antenatal care,4.0,12.0,33.3,percent,70,higher_is_better,False,-36.7
PHC-010,Ushafa PHC,Bwari,2025-06,2025-Q2,ANC4,ANC4 coverage,Antenatal care,3.0,12.0,25.0,percent,70,higher_is_better,False,-45.0
PHC-010,Ushafa PHC,Bwari,2025-07,2025-Q3,ANC4,ANC4 coverage,Antenatal care,3.0,12.0,25.0,percent,70,higher_is_better,False,-45.0
PHC-010,Ushafa PHC,Bwari,2025-08,2025-Q3,ANC4,ANC4 coverage,Antenatal care,3.0,12.0,25.0,percent,70,higher_is_better,False,-45.0
PHC-010,Ushafa PHC,Bwari,2025-09,2025-Q3,ANC4,ANC4 coverage,Antenatal care,4.0,12.0,33.3,percent,70,higher_is_better,False,-36.7
PHC-010,Ushafa PHC,Bwari,2025-10,2025-Q4,ANC4,ANC4 coverage,Antenatal care,4.0,12.0,33.3,percent,70,higher_is_better,False,-36.7
PHC-010,Ushafa PHC,Bwari,2025-11,2025-Q4,ANC4,ANC4 coverage,Antenatal care,5.0,12.0,41.7,percent,70,higher_is_better,False,-28.3
PHC-010,Ushafa PHC,Bwari,2025-12,2025-Q4,ANC4,ANC4 coverage,Antenatal care,4.0,12.0,33.3,percent,70,higher_is_better,False,-36.7
PHC-010,Ushafa PHC,Bwari,2026-01,2026-Q1,ANC4,ANC4 coverage,Antenatal care,,12.0,,percent,70,higher_is_better,,
PHC-010,Ushafa PHC,Bwari,2026-02,2026-Q1,ANC4,ANC4 coverage,Antenatal care,4.0,12.0,33.3,percent,70,higher_is_better,False,-36.7
PHC-010,Ushafa PHC,Bwari,2026-03,2026-Q1,ANC4,ANC4 coverage,Antenatal care,3.0,12.0,25.0,percent,70,higher_is_better,False,-45.0
PHC-010,Ushafa PHC,Bwari,2026-04,2026-Q2,ANC4,ANC4 coverage,Antenatal care,4.0,12.0,33.3,percent,70,higher_is_better,False,-36.7
PHC-010,Ushafa PHC,Bwari,2026-05,2026-Q2,ANC4,ANC4 coverage,Antenatal care,4.0,12.0,33.3,percent,70,higher_is_better,False,-36.7
PHC-010,Ushafa PHC,Bwari,2026-06,2026-Q2,ANC4,ANC4 coverage,Antenatal care,3.0,12.0,25.0,percent,70,higher_is_better,False,-45.0
PHC-012,Igu PHC,Bwari,2024-07,2024-Q3,ANC4,ANC4 coverage,Antenatal care,3.0,8.0,37.5,percent,70,higher_is_better,False,-32.5
PHC-012,Igu PHC,Bwari,2024-08,2024-Q3,ANC4,ANC4 coverage,Antenatal care,4.0,8.0,50.0,percent,70,higher_is_better,False,-20.0
PHC-012,Igu PHC,Bwari,2024-09,2024-Q3,ANC4,ANC4 coverage,Antenatal care,3.0,8.0,37.5,percent,70,higher_is_better,False,-32.5
PHC-012,Igu PHC,Bwari,2024-10,2024-Q4,ANC4,ANC4 coverage,Antenatal care,4.0,8.0,50.0,percent,70,higher_is_better,False,-20.0
PHC-012,Igu PHC,Bwari,2024-11,2024-Q4,ANC4,ANC4 coverage,Antenatal care,4.0,8.0,50.0,percent,70,higher_is_better,False,-20.0
PHC-012,Igu PHC,Bwari,2024-12,2024-Q4,ANC4,ANC4 coverage,Antenatal care,3.0,8.0,37.5,percent,70,higher_is_better,False,-32.5
PHC-012,Igu PHC,Bwari,2025-01,2025-Q1,ANC4,ANC4 coverage,Antenatal care,3.0,8.0,37.5,percent,70,higher_is_better,False,-32.5
PHC-012,Igu PHC,Bwari,2025-02,2025-Q1,ANC4,ANC4 coverage,Antenatal care,3.0,8.0,37.5,percent,70,higher_is_better,False,-32.5
PHC-012,Igu PHC,Bwari,2025-03,2025-Q1,ANC4,ANC4 coverage,Antenatal care,3.0,8.0,37.5,percent,70,higher_is_better,False,-32.5
PHC-012,Igu PHC,Bwari,2025-04,2025-Q2,ANC4,ANC4 coverage,Antenatal care,3.0,8.0,37.5,percent,70,higher_is_better,False,-32.5
PHC-012,Igu PHC,Bwari,2025-05,2025-Q2,ANC4,ANC4 coverage,Antenatal care,3.0,8.0,37.5,percent,70,higher_is_better,False,-32.5
PHC-012,Igu PHC,Bwari,2025-06,2025-Q2,ANC4,ANC4 coverage,Antenatal care,3.0,8.0,37.5,percent,70,higher_is_better,False,-32.5
PHC-012,Igu PHC,Bwari,2025-07,2025-Q3,ANC4,ANC4 coverage,Antenatal care,2.0,8.0,25.0,percent,70,higher_is_better,False,-45.0
PHC-012,Igu PHC,Bwari,2025-08,2025-Q3,ANC4,ANC4 coverage,Antenatal care,3.0,8.0,37.5,percent,70,higher_is_better,False,-32.5
PHC-012,Igu PHC,Bwari,2025-09,2025-Q3,ANC4,ANC4 coverage,Antenatal care,3.0,8.0,37.5,percent,70,higher_is_better,False,-32.5
PHC-012,Igu PHC,Bwari,2025-10,2025-Q4,ANC4,ANC4 coverage,Antenatal care,3.0,8.0,37.5,percent,70,higher_is_better,False,-32.5
PHC-012,Igu PHC,Bwari,2025-11,2025-Q4,ANC4,ANC4 coverage,Antenatal care,3.0,8.0,37.5,percent,70,higher_is_better,False,-32.5
PHC-012,Igu PHC,Bwari,2025-12,2025-Q4,ANC4,ANC4 coverage,Antenatal care,4.0,8.0,50.0,percent,70,higher_is_better,False,-20.0
PHC-012,Igu PHC,Bwari,2026-01,2026-Q1,ANC4,ANC4 coverage,Antenatal care,3.0,8.0,37.5,percent,70,higher_is_better,False,-32.5
PHC-012,Igu PHC,Bwari,2026-02,2026-Q1,ANC4,ANC4 coverage,Antenatal care,4.0,8.0,50.0,percent,70,higher_is_better,False,-20.0
PHC-012,Igu PHC,Bwari,2026-03,2026-Q1,ANC4,ANC4 coverage,Antenatal care,2.0,8.0,25.0,percent,70,higher_is_better,False,-45.0
PHC-012,Igu PHC,Bwari,2026-04,2026-Q2,ANC4,ANC4 coverage,Antenatal care,4.0,8.0,50.0,percent,70,higher_is_better,False,-20.0
PHC-012,Igu PHC,Bwari,2026-05,2026-Q2,ANC4,ANC4 coverage,Antenatal care,3.0,8.0,37.5,percent,70,higher_is_better,False,-32.5
PHC-012,Igu PHC,Bwari,2026-06,2026-Q2,ANC4,ANC4 coverage,Antenatal care,3.0,8.0,37.5,percent,70,higher_is_better,False,-32.5
CH-007,Kuje Cottage Hospital,Kuje,2024-07,2024-Q3,DROP,Immunisation dropout rate,Child health,6.0,40.0,15.0,percent,10,lower_is_better,False,-5.0
CH-007,Kuje Cottage Hospital,Kuje,2024-08,2024-Q3,DROP,Immunisation dropout rate,Child health,8.0,35.0,22.9,percent,10,lower_is_better,False,-12.9
CH-007,Kuje Cottage Hospital,Kuje,2024-09,2024-Q3,DROP,Immunisation dropout rate,Child health,3.0,33.0,9.1,percent,10,lower_is_better,True,0.9
CH-007,Kuje Cottage Hospital,Kuje,2024-10,2024-Q4,DROP,Immunisation dropout rate,Child health,3.0,36.0,8.3,percent,10,lower_is_better,True,1.7
CH-007,Kuje Cottage Hospital,Kuje,2024-11,2024-Q4,DROP,Immunisation dropout rate,Child health,2.0,40.0,5.0,percent,10,lower_is_better,True,5.0
CH-007,Kuje Cottage Hospital,Kuje,2024-12,2024-Q4,DROP,Immunisation dropout rate,Child health,4.0,43.0,9.3,percent,10,lower_is_better,True,0.7
CH-007,Kuje Cottage Hospital,Kuje,2025-01,2025-Q1,DROP,Immunisation dropout rate,Child health,2.0,38.0,5.3,percent,10,lower_is_better,True,4.7
CH-007,Kuje Cottage Hospital,Kuje,2025-02,2025-Q1,DROP,Immunisation dropout rate,Child health,4.0,38.0,10.5,percent,10,lower_is_better,False,-0.5
CH-007,Kuje Cottage Hospital,Kuje,2025-03,2025-Q1,DROP,Immunisation dropout rate,Child health,6.0,39.0,15.4,percent,10,lower_is_better,False,-5.4
CH-007,Kuje Cottage Hospital,Kuje,2025-04,2025-Q2,DROP,Immunisation dropout rate,Child health,3.0,39.0,7.7,percent,10,lower_is_better,True,2.3
CH-007,Kuje Cottage Hospital,Kuje,2025-05,2025-Q2,DROP,Immunisation dropout rate,Child health,4.0,33.0,12.1,percent,10,lower_is_better,False,-2.1
CH-007,Kuje Cottage Hospital,Kuje,2025-06,2025-Q2,DROP,Immunisation dropout rate,Child health,3.0,33.0,9.1,percent,10,lower_is_better,True,0.9
CH-007,Kuje Cottage Hospital,Kuje,2025-07,2025-Q3,DROP,Immunisation dropout rate,Child health,1.0,30.0,3.3,percent,10,lower_is_better,True,6.7
CH-007,Kuje Cottage Hospital,Kuje,2025-08,2025-Q3,DROP,Immunisation dropout rate,Child health,2.0,32.0,6.3,percent,10,lower_is_better,True,3.7
CH-007,Kuje Cottage Hospital,Kuje,2025-09,2025-Q3,DROP,Immunisation dropout rate,Child health,1.0,35.0,2.9,percent,10,lower_is_better,True,7.1
CH-007,Kuje Cottage Hospital,Kuje,2025-10,2025-Q4,DROP,Immunisation dropout rate,Child health,2.0,43.0,4.7,percent,10,lower_is_better,True,5.3
CH-007,Kuje Cottage Hospital,Kuje,2025-11,2025-Q4,DROP,Immunisation dropout rate,Child health,6.0,40.0,15.0,percent,10,lower_is_better,False,-5.0
CH-007,Kuje Cottage Hospital,Kuje,2025-12,2025-Q4,DROP,Immunisation dropout rate,Child health,3.0,34.0,8.8,percent,10,lower_is_better,True,1.2
CH-007,Kuje Cottage Hospital,Kuje,2026-01,2026-Q1,DROP,Immunisation dropout rate,Child health,6.0,42.0,14.3,percent,10,lower_is_better,False,-4.3
CH-007,Kuje Cottage Hospital,Kuje,2026-02,2026-Q1,DROP,Immunisation dropout rate,Child health,0.0,43.0,0.0,percent,10,lower_is_better,True,10.0
CH-007,Kuje Cottage Hospital,Kuje,2026-03,2026-Q1,DROP,Immunisation dropout rate,Child health,6.0,44.0,13.6,percent,10,lower_is_better,False,-3.6
CH-007,Kuje Cottage Hospital,Kuje,2026-04,2026-Q2,DROP,Immunisation dropout rate,Child health,1.0,35.0,2.9,percent,10,lower_is_better,True,7.1
CH-007,Kuje Cottage Hospital,Kuje,2026-05,2026-Q2,DROP,Immunisation dropout rate,Child health,1.0,39.0,2.6,percent,10,lower_is_better,True,7.4
CH-007,Kuje Cottage Hospital,Kuje,2026-06,2026-Q2,DROP,Immunisation dropout rate,Child health,2.0,34.0,5.9,percent,10,lower_is_better,True,4.1
CH-011,Kubwa Cottage Hospital,Bwari,2024-07,2024-Q3,DROP,Immunisation dropout rate,Child health,7.0,51.0,13.7,percent,10,lower_is_better,False,-3.7
CH-011,Kubwa Cottage Hospital,Bwari,2024-08,2024-Q3,DROP,Immunisation dropout rate,Child health,10.0,47.0,21.3,percent,10,lower_is_better,False,-11.3
CH-011,Kubwa Cottage Hospital,Bwari,2024-09,2024-Q3,DROP,Immunisation dropout rate,Child health,8.0,57.0,14.0,percent,10,lower_is_better,False,-4.0
CH-011,Kubwa Cottage Hospital,Bwari,2024-10,2024-Q4,DROP,Immunisation dropout rate,Child health,3.0,52.0,5.8,percent,10,lower_is_better,True,4.2
CH-011,Kubwa Cottage Hospital,Bwari,2024-11,2024-Q4,DROP,Immunisation dropout rate,Child health,2.0,47.0,4.3,percent,10,lower_is_better,True,5.7
CH-011,Kubwa Cottage Hospital,Bwari,2024-12,2024-Q4,DROP,Immunisation dropout rate,Child health,0.0,47.0,0.0,percent,10,lower_is_better,True,10.0
CH-011,Kubwa Cottage Hospital,Bwari,2025-01,2025-Q1,DROP,Immunisation dropout rate,Child health,1.0,58.0,1.7,percent,10,lower_is_better,True,8.3
CH-011,Kubwa Cottage Hospital,Bwari,2025-02,2025-Q1,DROP,Immunisation dropout rate,Child health,7.0,56.0,12.5,percent,10,lower_is_better,False,-2.5
CH-011,Kubwa Cottage Hospital,Bwari,2025-03,2025-Q1,DROP,Immunisation dropout rate,Child health,6.0,54.0,11.1,percent,10,lower_is_better,False,-1.1
CH-011,Kubwa Cottage Hospital,Bwari,2025-04,2025-Q2,DROP,Immunisation dropout rate,Child health,0.0,48.0,0.0,percent,10,lower_is_better,True,10.0
CH-011,Kubwa Cottage Hospital,Bwari,2025-05,2025-Q2,DROP,Immunisation dropout rate,Child health,5.0,45.0,11.1,percent,10,lower_is_better,False,-1.1
CH-011,Kubwa Cottage Hospital,Bwari,2025-06,2025-Q2,DROP,Immunisation dropout rate,Child health,7.0,41.0,17.1,percent,10,lower_is_better,False,-7.1
CH-011,Kubwa Cottage Hospital,Bwari,2025-07,2025-Q3,DROP,Immunisation dropout rate,Child health,2.0,42.0,4.8,percent,10,lower_is_better,True,5.2
CH-011,Kubwa Cottage Hospital,Bwari,2025-08,2025-Q3,DROP,Immunisation dropout rate,Child health,1.0,37.0,2.7,percent,10,lower_is_better,True,7.3
CH-011,Kubwa Cottage Hospital,Bwari,2025-09,2025-Q3,DROP,Immunisation dropout rate,Child health,1.0,38.0,2.6,percent,10,lower_is_better,True,7.4
CH-011,Kubwa Cottage Hospital,Bwari,2025-10,2025-Q4,DROP,Immunisation dropout rate,Child health,2.0,47.0,4.3,percent,10,lower_is_better,True,5.7
CH-011,Kubwa Cottage Hospital,Bwari,2025-11,2025-Q4,DROP,Immunisation dropout rate,Child health,6.0,53.0,11.3,percent,10,lower_is_better,False,-1.3
CH-011,Kubwa Cottage Hospital,Bwari,2025-12,2025-Q4,DROP,Immunisation dropout rate,Child health,6.0,51.0,11.8,percent,10,lower_is_better,False,-1.8
CH-011,Kubwa Cottage Hospital,Bwari,2026-01,2026-Q1,DROP,Immunisation dropout rate,Child health,6.0,50.0,12.0,percent,10,lower_is_better,False,-2.0
CH-011,Kubwa Cottage Hospital,Bwari,2026-02,2026-Q1,DROP,Immunisation dropout rate,Child health,5.0,63.0,7.9,percent,10,lower_is_better,True,2.1
CH-011,Kubwa Cottage Hospital,Bwari,2026-03,2026-Q1,DROP,Immunisation dropout rate,Child health,4.0,52.0,7.7,percent,10,lower_is_better,True,2.3
CH-011,Kubwa Cottage Hospital,Bwari,2026-04,2026-Q2,DROP,Immunisation dropout rate,Child health,9.0,52.0,17.3,percent,10,lower_is_better,False,-7.3
CH-011,Kubwa Cottage Hospital,Bwari,2026-05,2026-Q2,DROP,Immunisation dropout rate,Child health,5.0,55.0,9.1,percent,10,lower_is_better,True,0.9
CH-011,Kubwa Cottage Hospital,Bwari,2026-06,2026-Q2,DROP,Immunisation dropout rate,Child health,7.0,45.0,15.6,percent,10,lower_is_better,False,-5.6
GH-004,Gwagwalada General Hosp,Gwagwalada,2024-07,2024-Q3,DROP,Immunisation dropout rate,Child health,5.0,60.0,8.3,percent,10,lower_is_better,True,1.7
GH-004,Gwagwalada General Hosp,Gwagwalada,2024-08,2024-Q3,DROP,Immunisation dropout rate,Child health,1.0,48.0,2.1,percent,10,lower_is_better,True,7.9
GH-004,Gwagwalada General Hosp,Gwagwalada,2024-09,2024-Q3,DROP,Immunisation dropout rate,Child health,6.0,63.0,9.5,percent,10,lower_is_better,True,0.5
GH-004,Gwagwalada General Hosp,Gwagwalada,2024-10,2024-Q4,DROP,Immunisation dropout rate,Child health,3.0,59.0,5.1,percent,10,lower_is_better,True,4.9
GH-004,Gwagwalada General Hosp,Gwagwalada,2024-11,2024-Q4,DROP,Immunisation dropout rate,Child health,0.0,78.0,0.0,percent,10,lower_is_better,True,10.0
GH-004,Gwagwalada General Hosp,Gwagwalada,2024-12,2024-Q4,DROP,Immunisation dropout rate,Child health,0.0,68.0,0.0,percent,10,lower_is_better,True,10.0
GH-004,Gwagwalada General Hosp,Gwagwalada,2025-01,2025-Q1,DROP,Immunisation dropout rate,Child health,5.0,75.0,6.7,percent,10,lower_is_better,True,3.3
GH-004,Gwagwalada General Hosp,Gwagwalada,2025-02,2025-Q1,DROP,Immunisation dropout rate,Child health,0.0,67.0,0.0,percent,10,lower_is_better,True,10.0
GH-004,Gwagwalada General Hosp,Gwagwalada,2025-03,2025-Q1,DROP,Immunisation dropout rate,Child health,5.0,66.0,7.6,percent,10,lower_is_better,True,2.4
GH-004,Gwagwalada General Hosp,Gwagwalada,2025-04,2025-Q2,DROP,Immunisation dropout rate,Child health,1.0,65.0,1.5,percent,10,lower_is_better,True,8.5
GH-004,Gwagwalada General Hosp,Gwagwalada,2025-05,2025-Q2,DROP,Immunisation dropout rate,Child health,2.0,63.0,3.2,percent,10,lower_is_better,True,6.8
GH-004,Gwagwalada General Hosp,Gwagwalada,2025-06,2025-Q2,DROP,Immunisation dropout rate,Child health,8.0,66.0,12.1,percent,10,lower_is_better,False,-2.1
GH-004,Gwagwalada General Hosp,Gwagwalada,2025-07,2025-Q3,DROP,Immunisation dropout rate,Child health,0.0,55.0,0.0,percent,10,lower_is_better,True,10.0
GH-004,Gwagwalada General Hosp,Gwagwalada,2025-08,2025-Q3,DROP,Immunisation dropout rate,Child health,3.0,58.0,5.2,percent,10,lower_is_better,True,4.8
GH-004,Gwagwalada General Hosp,Gwagwalada,2025-09,2025-Q3,DROP,Immunisation dropout rate,Child health,3.0,54.0,5.6,percent,10,lower_is_better,True,4.4
GH-004,Gwagwalada General Hosp,Gwagwalada,2025-10,2025-Q4,DROP,Immunisation dropout rate,Child health,8.0,66.0,12.1,percent,10,lower_is_better,False,-2.1
GH-004,Gwagwalada General Hosp,Gwagwalada,2025-11,2025-Q4,DROP,Immunisation dropout rate,Child health,4.0,68.0,5.9,percent,10,lower_is_better,True,4.1
GH-004,Gwagwalada General Hosp,Gwagwalada,2025-12,2025-Q4,DROP,Immunisation dropout rate,Child health,5.0,73.0,6.8,percent,10,lower_is_better,True,3.2
GH-004,Gwagwalada General Hosp,Gwagwalada,2026-01,2026-Q1,DROP,Immunisation dropout rate,Child health,3.0,69.0,4.3,percent,10,lower_is_better,True,5.7
GH-004,Gwagwalada General Hosp,Gwagwalada,2026-02,2026-Q1,DROP,Immunisation dropout rate,Child health,0.0,63.0,0.0,percent,10,lower_is_better,True,10.0
GH-004,Gwagwalada General Hosp,Gwagwalada,2026-03,2026-Q1,DROP,Immunisation dropout rate,Child health,2.0,64.0,3.1,percent,10,lower_is_better,True,6.9
GH-004,Gwagwalada General Hosp,Gwagwalada,2026-04,2026-Q2,DROP,Immunisation dropout rate,Child health,1.0,58.0,1.7,percent,10,lower_is_better,True,8.3
GH-004,Gwagwalada General Hosp,Gwagwalada,2026-05,2026-Q2,DROP,Immunisation dropout rate,Child health,5.0,67.0,7.5,percent,10,lower_is_better,True,2.5
GH-004,Gwagwalada General Hosp,Gwagwalada,2026-06,2026-Q2,DROP,Immunisation dropout rate,Child health,1.0,57.0,1.8,percent,10,lower_is_better,True,8.2
PHC-001,Gwagwalada PHC,Gwagwalada,2024-07,2024-Q3,DROP,Immunisation dropout rate,Child health,0.0,24.0,0.0,percent,10,lower_is_better,True,10.0
PHC-001,Gwagwalada PHC,Gwagwalada,2024-08,2024-Q3,DROP,Immunisation dropout rate,Child health,0.0,22.0,0.0,percent,10,lower_is_better,True,10.0
PHC-001,Gwagwalada PHC,Gwagwalada,2024-09,2024-Q3,DROP,Immunisation dropout rate,Child health,1.0,25.0,4.0,percent,10,lower_is_better,True,6.0
PHC-001,Gwagwalada PHC,Gwagwalada,2024-10,2024-Q4,DROP,Immunisation dropout rate,Child health,2.0,25.0,8.0,percent,10,lower_is_better,True,2.0
PHC-001,Gwagwalada PHC,Gwagwalada,2024-11,2024-Q4,DROP,Immunisation dropout rate,Child health,0.0,29.0,0.0,percent,10,lower_is_better,True,10.0
PHC-001,Gwagwalada PHC,Gwagwalada,2024-12,2024-Q4,DROP,Immunisation dropout rate,Child health,0.0,27.0,0.0,percent,10,lower_is_better,True,10.0
PHC-001,Gwagwalada PHC,Gwagwalada,2025-01,2025-Q1,DROP,Immunisation dropout rate,Child health,2.0,26.0,7.7,percent,10,lower_is_better,True,2.3
PHC-001,Gwagwalada PHC,Gwagwalada,2025-02,2025-Q1,DROP,Immunisation dropout rate,Child health,2.0,28.0,7.1,percent,10,lower_is_better,True,2.9
PHC-001,Gwagwalada PHC,Gwagwalada,2025-03,2025-Q1,DROP,Immunisation dropout rate,Child health,0.0,25.0,0.0,percent,10,lower_is_better,True,10.0
PHC-001,Gwagwalada PHC,Gwagwalada,2025-04,2025-Q2,DROP,Immunisation dropout rate,Child health,0.0,29.0,0.0,percent,10,lower_is_better,True,10.0
PHC-001,Gwagwalada PHC,Gwagwalada,2025-05,2025-Q2,DROP,Immunisation dropout rate,Child health,2.0,23.0,8.7,percent,10,lower_is_better,True,1.3
PHC-001,Gwagwalada PHC,Gwagwalada,2025-06,2025-Q2,DROP,Immunisation dropout rate,Child health,0.0,24.0,0.0,percent,10,lower_is_better,True,10.0
PHC-001,Gwagwalada PHC,Gwagwalada,2025-07,2025-Q3,DROP,Immunisation dropout rate,Child health,2.0,25.0,8.0,percent,10,lower_is_better,True,2.0
PHC-001,Gwagwalada PHC,Gwagwalada,2025-08,2025-Q3,DROP,Immunisation dropout rate,Child health,3.0,22.0,13.6,percent,10,lower_is_better,False,-3.6
PHC-001,Gwagwalada PHC,Gwagwalada,2025-09,2025-Q3,DROP,Immunisation dropout rate,Child health,1.0,22.0,4.5,percent,10,lower_is_better,True,5.5
PHC-001,Gwagwalada PHC,Gwagwalada,2025-10,2025-Q4,DROP,Immunisation dropout rate,Child health,2.0,24.0,8.3,percent,10,lower_is_better,True,1.7
PHC-001,Gwagwalada PHC,Gwagwalada,2025-11,2025-Q4,DROP,Immunisation dropout rate,Child health,2.0,27.0,7.4,percent,10,lower_is_better,True,2.6
PHC-001,Gwagwalada PHC,Gwagwalada,2025-12,2025-Q4,DROP,Immunisation dropout rate,Child health,1.0,23.0,4.3,percent,10,lower_is_better,True,5.7
PHC-001,Gwagwalada PHC,Gwagwalada,2026-01,2026-Q1,DROP,Immunisation dropout rate,Child health,0.0,26.0,0.0,percent,10,lower_is_better,True,10.0
PHC-001,Gwagwalada PHC,Gwagwalada,2026-02,2026-Q1,DROP,Immunisation dropout rate,Child health,0.0,31.0,0.0,percent,10,lower_is_better,True,10.0
PHC-001,Gwagwalada PHC,Gwagwalada,2026-03,2026-Q1,DROP,Immunisation dropout rate,Child health,0.0,29.0,0.0,percent,10,lower_is_better,True,10.0
PHC-001,Gwagwalada PHC,Gwagwalada,2026-04,2026-Q2,DROP,Immunisation dropout rate,Child health,3.0,28.0,10.7,percent,10,lower_is_better,False,-0.7
PHC-001,Gwagwalada PHC,Gwagwalada,2026-05,2026-Q2,DROP,Immunisation dropout rate,Child health,0.0,24.0,0.0,percent,10,lower_is_better,True,10.0
PHC-001,Gwagwalada PHC,Gwagwalada,2026-06,2026-Q2,DROP,Immunisation dropout rate,Child health,0.0,32.0,0.0,percent,10,lower_is_better,True,10.0
PHC-002,Dobi PHC,Gwagwalada,2024-07,2024-Q3,DROP,Immunisation dropout rate,Child health,2.0,9.0,22.2,percent,10,lower_is_better,False,-12.2
PHC-002,Dobi PHC,Gwagwalada,2024-08,2024-Q3,DROP,Immunisation dropout rate,Child health,3.0,9.0,33.3,percent,10,lower_is_better,False,-23.3
PHC-002,Dobi PHC,Gwagwalada,2024-09,2024-Q3,DROP,Immunisation dropout rate,Child health,5.0,12.0,41.7,percent,10,lower_is_better,False,-31.7
PHC-002,Dobi PHC,Gwagwalada,2024-10,2024-Q4,DROP,Immunisation dropout rate,Child health,4.0,12.0,33.3,percent,10,lower_is_better,False,-23.3
PHC-002,Dobi PHC,Gwagwalada,2024-11,2024-Q4,DROP,Immunisation dropout rate,Child health,3.0,11.0,27.3,percent,10,lower_is_better,False,-17.3
PHC-002,Dobi PHC,Gwagwalada,2024-12,2024-Q4,DROP,Immunisation dropout rate,Child health,3.0,12.0,25.0,percent,10,lower_is_better,False,-15.0
PHC-002,Dobi PHC,Gwagwalada,2025-01,2025-Q1,DROP,Immunisation dropout rate,Child health,3.0,11.0,27.3,percent,10,lower_is_better,False,-17.3
PHC-002,Dobi PHC,Gwagwalada,2025-02,2025-Q1,DROP,Immunisation dropout rate,Child health,4.0,12.0,33.3,percent,10,lower_is_better,False,-23.3
PHC-002,Dobi PHC,Gwagwalada,2025-03,2025-Q1,DROP,Immunisation dropout rate,Child health,6.0,13.0,46.2,percent,10,lower_is_better,False,-36.2
PHC-002,Dobi PHC,Gwagwalada,2025-04,2025-Q2,DROP,Immunisation dropout rate,Child health,4.0,10.0,40.0,percent,10,lower_is_better,False,-30.0
PHC-002,Dobi PHC,Gwagwalada,2025-05,2025-Q2,DROP,Immunisation dropout rate,Child health,4.0,10.0,40.0,percent,10,lower_is_better,False,-30.0
PHC-002,Dobi PHC,Gwagwalada,2025-06,2025-Q2,DROP,Immunisation dropout rate,Child health,4.0,11.0,36.4,percent,10,lower_is_better,False,-26.4
PHC-002,Dobi PHC,Gwagwalada,2025-07,2025-Q3,DROP,Immunisation dropout rate,Child health,3.0,9.0,33.3,percent,10,lower_is_better,False,-23.3
PHC-002,Dobi PHC,Gwagwalada,2025-08,2025-Q3,DROP,Immunisation dropout rate,Child health,4.0,11.0,36.4,percent,10,lower_is_better,False,-26.4
PHC-002,Dobi PHC,Gwagwalada,2025-09,2025-Q3,DROP,Immunisation dropout rate,Child health,4.0,11.0,36.4,percent,10,lower_is_better,False,-26.4
PHC-002,Dobi PHC,Gwagwalada,2025-10,2025-Q4,DROP,Immunisation dropout rate,Child health,4.0,10.0,40.0,percent,10,lower_is_better,False,-30.0
PHC-002,Dobi PHC,Gwagwalada,2025-11,2025-Q4,DROP,Immunisation dropout rate,Child health,4.0,12.0,33.3,percent,10,lower_is_better,False,-23.3
PHC-002,Dobi PHC,Gwagwalada,2025-12,2025-Q4,DROP,Immunisation dropout rate,Child health,5.0,13.0,38.5,percent,10,lower_is_better,False,-28.5
PHC-002,Dobi PHC,Gwagwalada,2026-01,2026-Q1,DROP,Immunisation dropout rate,Child health,4.0,12.0,33.3,percent,10,lower_is_better,False,-23.3
PHC-002,Dobi PHC,Gwagwalada,2026-02,2026-Q1,DROP,Immunisation dropout rate,Child health,4.0,12.0,33.3,percent,10,lower_is_better,False,-23.3
PHC-002,Dobi PHC,Gwagwalada,2026-03,2026-Q1,DROP,Immunisation dropout rate,Child health,5.0,12.0,41.7,percent,10,lower_is_better,False,-31.7
PHC-002,Dobi PHC,Gwagwalada,2026-04,2026-Q2,DROP,Immunisation dropout rate,Child health,4.0,12.0,33.3,percent,10,lower_is_better,False,-23.3
PHC-002,Dobi PHC,Gwagwalada,2026-05,2026-Q2,DROP,Immunisation dropout rate,Child health,3.0,9.0,33.3,percent,10,lower_is_better,False,-23.3
PHC-002,Dobi PHC,Gwagwalada,2026-06,2026-Q2,DROP,Immunisation dropout rate,Child health,4.0,10.0,40.0,percent,10,lower_is_better,False,-30.0
PHC-003,Zuba PHC,Gwagwalada,2024-07,2024-Q3,DROP,Immunisation dropout rate,Child health,2.0,18.0,11.1,percent,10,lower_is_better,False,-1.1
PHC-003,Zuba PHC,Gwagwalada,2024-08,2024-Q3,DROP,Immunisation dropout rate,Child health,1.0,14.0,7.1,percent,10,lower_is_better,True,2.9
PHC-003,Zuba PHC,Gwagwalada,2024-09,2024-Q3,DROP,Immunisation dropout rate,Child health,2.0,16.0,12.5,percent,10,lower_is_better,False,-2.5
PHC-003,Zuba PHC,Gwagwalada,2024-10,2024-Q4,DROP,Immunisation dropout rate,Child health,2.0,17.0,11.8,percent,10,lower_is_better,False,-1.8
PHC-003,Zuba PHC,Gwagwalada,2024-11,2024-Q4,DROP,Immunisation dropout rate,Child health,1.0,17.0,5.9,percent,10,lower_is_better,True,4.1
PHC-003,Zuba PHC,Gwagwalada,2024-12,2024-Q4,DROP,Immunisation dropout rate,Child health,1.0,20.0,5.0,percent,10,lower_is_better,True,5.0
PHC-003,Zuba PHC,Gwagwalada,2025-01,2025-Q1,DROP,Immunisation dropout rate,Child health,2.0,18.0,11.1,percent,10,lower_is_better,False,-1.1
PHC-003,Zuba PHC,Gwagwalada,2025-02,2025-Q1,DROP,Immunisation dropout rate,Child health,2.0,19.0,10.5,percent,10,lower_is_better,False,-0.5
PHC-003,Zuba PHC,Gwagwalada,2025-03,2025-Q1,DROP,Immunisation dropout rate,Child health,2.0,21.0,9.5,percent,10,lower_is_better,True,0.5
PHC-003,Zuba PHC,Gwagwalada,2025-04,2025-Q2,DROP,Immunisation dropout rate,Child health,1.0,18.0,5.6,percent,10,lower_is_better,True,4.4
PHC-003,Zuba PHC,Gwagwalada,2025-05,2025-Q2,DROP,Immunisation dropout rate,Child health,1.0,18.0,5.6,percent,10,lower_is_better,True,4.4
PHC-003,Zuba PHC,Gwagwalada,2025-06,2025-Q2,DROP,Immunisation dropout rate,Child health,1.0,15.0,6.7,percent,10,lower_is_better,True,3.3
PHC-003,Zuba PHC,Gwagwalada,2025-07,2025-Q3,DROP,Immunisation dropout rate,Child health,0.0,16.0,0.0,percent,10,lower_is_better,True,10.0
PHC-003,Zuba PHC,Gwagwalada,2025-08,2025-Q3,DROP,Immunisation dropout rate,Child health,0.0,17.0,0.0,percent,10,lower_is_better,True,10.0
PHC-003,Zuba PHC,Gwagwalada,2025-09,2025-Q3,DROP,Immunisation dropout rate,Child health,0.0,16.0,0.0,percent,10,lower_is_better,True,10.0
PHC-003,Zuba PHC,Gwagwalada,2025-10,2025-Q4,DROP,Immunisation dropout rate,Child health,0.0,15.0,0.0,percent,10,lower_is_better,True,10.0
PHC-003,Zuba PHC,Gwagwalada,2025-11,2025-Q4,DROP,Immunisation dropout rate,Child health,0.0,17.0,0.0,percent,10,lower_is_better,True,10.0
PHC-003,Zuba PHC,Gwagwalada,2025-12,2025-Q4,DROP,Immunisation dropout rate,Child health,0.0,19.0,0.0,percent,10,lower_is_better,True,10.0
PHC-003,Zuba PHC,Gwagwalada,2026-01,2026-Q1,DROP,Immunisation dropout rate,Child health,3.0,21.0,14.3,percent,10,lower_is_better,False,-4.3
PHC-003,Zuba PHC,Gwagwalada,2026-02,2026-Q1,DROP,Immunisation dropout rate,Child health,1.0,19.0,5.3,percent,10,lower_is_better,True,4.7
PHC-003,Zuba PHC,Gwagwalada,2026-03,2026-Q1,DROP,Immunisation dropout rate,Child health,1.0,18.0,5.6,percent,10,lower_is_better,True,4.4
PHC-003,Zuba PHC,Gwagwalada,2026-04,2026-Q2,DROP,Immunisation dropout rate,Child health,1.0,22.0,4.5,percent,10,lower_is_better,True,5.5
PHC-003,Zuba PHC,Gwagwalada,2026-05,2026-Q2,DROP,Immunisation dropout rate,Child health,2.0,15.0,13.3,percent,10,lower_is_better,False,-3.3
PHC-003,Zuba PHC,Gwagwalada,2026-06,2026-Q2,DROP,Immunisation dropout rate,Child health,1.0,16.0,6.3,percent,10,lower_is_better,True,3.7
PHC-005,Kuje PHC,Kuje,2024-07,2024-Q3,DROP,Immunisation dropout rate,Child health,4.0,13.0,30.8,percent,10,lower_is_better,False,-20.8
PHC-005,Kuje PHC,Kuje,2024-08,2024-Q3,DROP,Immunisation dropout rate,Child health,4.0,11.0,36.4,percent,10,lower_is_better,False,-26.4
PHC-005,Kuje PHC,Kuje,2024-09,2024-Q3,DROP,Immunisation dropout rate,Child health,4.0,13.0,30.8,percent,10,lower_is_better,False,-20.8
PHC-005,Kuje PHC,Kuje,2024-10,2024-Q4,DROP,Immunisation dropout rate,Child health,3.0,13.0,23.1,percent,10,lower_is_better,False,-13.1
PHC-005,Kuje PHC,Kuje,2024-11,2024-Q4,DROP,Immunisation dropout rate,Child health,5.0,13.0,38.5,percent,10,lower_is_better,False,-28.5
PHC-005,Kuje PHC,Kuje,2024-12,2024-Q4,DROP,Immunisation dropout rate,Child health,4.0,15.0,26.7,percent,10,lower_is_better,False,-16.7
PHC-005,Kuje PHC,Kuje,2025-01,2025-Q1,DROP,Immunisation dropout rate,Child health,4.0,15.0,26.7,percent,10,lower_is_better,False,-16.7
PHC-005,Kuje PHC,Kuje,2025-02,2025-Q1,DROP,Immunisation dropout rate,Child health,5.0,15.0,33.3,percent,10,lower_is_better,False,-23.3
PHC-005,Kuje PHC,Kuje,2025-03,2025-Q1,DROP,Immunisation dropout rate,Child health,4.0,13.0,30.8,percent,10,lower_is_better,False,-20.8
PHC-005,Kuje PHC,Kuje,2025-04,2025-Q2,DROP,Immunisation dropout rate,Child health,4.0,13.0,30.8,percent,10,lower_is_better,False,-20.8
PHC-005,Kuje PHC,Kuje,2025-05,2025-Q2,DROP,Immunisation dropout rate,Child health,4.0,16.0,25.0,percent,10,lower_is_better,False,-15.0
PHC-005,Kuje PHC,Kuje,2025-06,2025-Q2,DROP,Immunisation dropout rate,Child health,5.0,15.0,33.3,percent,10,lower_is_better,False,-23.3
PHC-005,Kuje PHC,Kuje,2025-07,2025-Q3,DROP,Immunisation dropout rate,Child health,4.0,13.0,30.8,percent,10,lower_is_better,False,-20.8
PHC-005,Kuje PHC,Kuje,2025-08,2025-Q3,DROP,Immunisation dropout rate,Child health,,,,percent,10,lower_is_better,,
PHC-005,Kuje PHC,Kuje,2025-09,2025-Q3,DROP,Immunisation dropout rate,Child health,3.0,11.0,27.3,percent,10,lower_is_better,False,-17.3
PHC-005,Kuje PHC,Kuje,2025-10,2025-Q4,DROP,Immunisation dropout rate,Child health,5.0,14.0,35.7,percent,10,lower_is_better,False,-25.7
PHC-005,Kuje PHC,Kuje,2025-11,2025-Q4,DROP,Immunisation dropout rate,Child health,5.0,16.0,31.3,percent,10,lower_is_better,False,-21.3
PHC-005,Kuje PHC,Kuje,2025-12,2025-Q4,DROP,Immunisation dropout rate,Child health,3.0,13.0,23.1,percent,10,lower_is_better,False,-13.1
PHC-005,Kuje PHC,Kuje,2026-01,2026-Q1,DROP,Immunisation dropout rate,Child health,5.0,14.0,35.7,percent,10,lower_is_better,False,-25.7
PHC-005,Kuje PHC,Kuje,2026-02,2026-Q1,DROP,Immunisation dropout rate,Child health,5.0,15.0,33.3,percent,10,lower_is_better,False,-23.3
PHC-005,Kuje PHC,Kuje,2026-03,2026-Q1,DROP,Immunisation dropout rate,Child health,5.0,15.0,33.3,percent,10,lower_is_better,False,-23.3
PHC-005,Kuje PHC,Kuje,2026-04,2026-Q2,DROP,Immunisation dropout rate,Child health,4.0,12.0,33.3,percent,10,lower_is_better,False,-23.3
PHC-005,Kuje PHC,Kuje,2026-05,2026-Q2,DROP,Immunisation dropout rate,Child health,4.0,15.0,26.7,percent,10,lower_is_better,False,-16.7
PHC-005,Kuje PHC,Kuje,2026-06,2026-Q2,DROP,Immunisation dropout rate,Child health,3.0,12.0,25.0,percent,10,lower_is_better,False,-15.0
PHC-006,Gaube PHC,Kuje,2024-07,2024-Q3,DROP,Immunisation dropout rate,Child health,2.0,8.0,25.0,percent,10,lower_is_better,False,-15.0
PHC-006,Gaube PHC,Kuje,2024-08,2024-Q3,DROP,Immunisation dropout rate,Child health,3.0,9.0,33.3,percent,10,lower_is_better,False,-23.3
PHC-006,Gaube PHC,Kuje,2024-09,2024-Q3,DROP,Immunisation dropout rate,Child health,3.0,7.0,42.9,percent,10,lower_is_better,False,-32.9
PHC-006,Gaube PHC,Kuje,2024-10,2024-Q4,DROP,Immunisation dropout rate,Child health,3.0,8.0,37.5,percent,10,lower_is_better,False,-27.5
PHC-006,Gaube PHC,Kuje,2024-11,2024-Q4,DROP,Immunisation dropout rate,Child health,2.0,8.0,25.0,percent,10,lower_is_better,False,-15.0
PHC-006,Gaube PHC,Kuje,2024-12,2024-Q4,DROP,Immunisation dropout rate,Child health,3.0,9.0,33.3,percent,10,lower_is_better,False,-23.3
PHC-006,Gaube PHC,Kuje,2025-01,2025-Q1,DROP,Immunisation dropout rate,Child health,4.0,9.0,44.4,percent,10,lower_is_better,False,-34.4
PHC-006,Gaube PHC,Kuje,2025-02,2025-Q1,DROP,Immunisation dropout rate,Child health,3.0,9.0,33.3,percent,10,lower_is_better,False,-23.3
PHC-006,Gaube PHC,Kuje,2025-03,2025-Q1,DROP,Immunisation dropout rate,Child health,3.0,8.0,37.5,percent,10,lower_is_better,False,-27.5
PHC-006,Gaube PHC,Kuje,2025-04,2025-Q2,DROP,Immunisation dropout rate,Child health,3.0,9.0,33.3,percent,10,lower_is_better,False,-23.3
PHC-006,Gaube PHC,Kuje,2025-05,2025-Q2,DROP,Immunisation dropout rate,Child health,2.0,7.0,28.6,percent,10,lower_is_better,False,-18.6
PHC-006,Gaube PHC,Kuje,2025-06,2025-Q2,DROP,Immunisation dropout rate,Child health,3.0,8.0,37.5,percent,10,lower_is_better,False,-27.5
PHC-006,Gaube PHC,Kuje,2025-07,2025-Q3,DROP,Immunisation dropout rate,Child health,2.0,7.0,28.6,percent,10,lower_is_better,False,-18.6
PHC-006,Gaube PHC,Kuje,2025-08,2025-Q3,DROP,Immunisation dropout rate,Child health,2.0,7.0,28.6,percent,10,lower_is_better,False,-18.6
PHC-006,Gaube PHC,Kuje,2025-09,2025-Q3,DROP,Immunisation dropout rate,Child health,3.0,9.0,33.3,percent,10,lower_is_better,False,-23.3
PHC-006,Gaube PHC,Kuje,2025-10,2025-Q4,DROP,Immunisation dropout rate,Child health,3.0,9.0,33.3,percent,10,lower_is_better,False,-23.3
PHC-006,Gaube PHC,Kuje,2025-11,2025-Q4,DROP,Immunisation dropout rate,Child health,3.0,9.0,33.3,percent,10,lower_is_better,False,-23.3
PHC-006,Gaube PHC,Kuje,2025-12,2025-Q4,DROP,Immunisation dropout rate,Child health,4.0,9.0,44.4,percent,10,lower_is_better,False,-34.4
PHC-006,Gaube PHC,Kuje,2026-01,2026-Q1,DROP,Immunisation dropout rate,Child health,3.0,9.0,33.3,percent,10,lower_is_better,False,-23.3
PHC-006,Gaube PHC,Kuje,2026-02,2026-Q1,DROP,Immunisation dropout rate,Child health,3.0,9.0,33.3,percent,10,lower_is_better,False,-23.3
PHC-006,Gaube PHC,Kuje,2026-03,2026-Q1,DROP,Immunisation dropout rate,Child health,3.0,9.0,33.3,percent,10,lower_is_better,False,-23.3
PHC-006,Gaube PHC,Kuje,2026-04,2026-Q2,DROP,Immunisation dropout rate,Child health,3.0,8.0,37.5,percent,10,lower_is_better,False,-27.5
PHC-006,Gaube PHC,Kuje,2026-05,2026-Q2,DROP,Immunisation dropout rate,Child health,2.0,7.0,28.6,percent,10,lower_is_better,False,-18.6
PHC-006,Gaube PHC,Kuje,2026-06,2026-Q2,DROP,Immunisation dropout rate,Child health,4.0,8.0,50.0,percent,10,lower_is_better,False,-40.0
PHC-008,Rubochi PHC,Kuje,2024-07,2024-Q3,DROP,Immunisation dropout rate,Child health,0.0,7.0,0.0,percent,10,lower_is_better,True,10.0
PHC-008,Rubochi PHC,Kuje,2024-08,2024-Q3,DROP,Immunisation dropout rate,Child health,1.0,7.0,14.3,percent,10,lower_is_better,False,-4.3
PHC-008,Rubochi PHC,Kuje,2024-09,2024-Q3,DROP,Immunisation dropout rate,Child health,1.0,7.0,14.3,percent,10,lower_is_better,False,-4.3
PHC-008,Rubochi PHC,Kuje,2024-10,2024-Q4,DROP,Immunisation dropout rate,Child health,1.0,7.0,14.3,percent,10,lower_is_better,False,-4.3
PHC-008,Rubochi PHC,Kuje,2024-11,2024-Q4,DROP,Immunisation dropout rate,Child health,0.0,9.0,0.0,percent,10,lower_is_better,True,10.0
PHC-008,Rubochi PHC,Kuje,2024-12,2024-Q4,DROP,Immunisation dropout rate,Child health,1.0,8.0,12.5,percent,10,lower_is_better,False,-2.5
PHC-008,Rubochi PHC,Kuje,2025-01,2025-Q1,DROP,Immunisation dropout rate,Child health,0.0,8.0,0.0,percent,10,lower_is_better,True,10.0
PHC-008,Rubochi PHC,Kuje,2025-02,2025-Q1,DROP,Immunisation dropout rate,Child health,0.0,7.0,0.0,percent,10,lower_is_better,True,10.0
PHC-008,Rubochi PHC,Kuje,2025-03,2025-Q1,DROP,Immunisation dropout rate,Child health,1.0,8.0,12.5,percent,10,lower_is_better,False,-2.5
PHC-008,Rubochi PHC,Kuje,2025-04,2025-Q2,DROP,Immunisation dropout rate,Child health,1.0,10.0,10.0,percent,10,lower_is_better,True,0.0
PHC-008,Rubochi PHC,Kuje,2025-05,2025-Q2,DROP,Immunisation dropout rate,Child health,1.0,9.0,11.1,percent,10,lower_is_better,False,-1.1
PHC-008,Rubochi PHC,Kuje,2025-06,2025-Q2,DROP,Immunisation dropout rate,Child health,1.0,7.0,14.3,percent,10,lower_is_better,False,-4.3
PHC-008,Rubochi PHC,Kuje,2025-07,2025-Q3,DROP,Immunisation dropout rate,Child health,0.0,6.0,0.0,percent,10,lower_is_better,True,10.0
PHC-008,Rubochi PHC,Kuje,2025-08,2025-Q3,DROP,Immunisation dropout rate,Child health,1.0,6.0,16.7,percent,10,lower_is_better,False,-6.7
PHC-008,Rubochi PHC,Kuje,2025-09,2025-Q3,DROP,Immunisation dropout rate,Child health,1.0,8.0,12.5,percent,10,lower_is_better,False,-2.5
PHC-008,Rubochi PHC,Kuje,2025-10,2025-Q4,DROP,Immunisation dropout rate,Child health,0.0,8.0,0.0,percent,10,lower_is_better,True,10.0
PHC-008,Rubochi PHC,Kuje,2025-11,2025-Q4,DROP,Immunisation dropout rate,Child health,0.0,8.0,0.0,percent,10,lower_is_better,True,10.0
PHC-008,Rubochi PHC,Kuje,2025-12,2025-Q4,DROP,Immunisation dropout rate,Child health,1.0,9.0,11.1,percent,10,lower_is_better,False,-1.1
PHC-008,Rubochi PHC,Kuje,2026-01,2026-Q1,DROP,Immunisation dropout rate,Child health,1.0,9.0,11.1,percent,10,lower_is_better,False,-1.1
PHC-008,Rubochi PHC,Kuje,2026-02,2026-Q1,DROP,Immunisation dropout rate,Child health,0.0,8.0,0.0,percent,10,lower_is_better,True,10.0
PHC-008,Rubochi PHC,Kuje,2026-03,2026-Q1,DROP,Immunisation dropout rate,Child health,1.0,9.0,11.1,percent,10,lower_is_better,False,-1.1
PHC-008,Rubochi PHC,Kuje,2026-04,2026-Q2,DROP,Immunisation dropout rate,Child health,0.0,7.0,0.0,percent,10,lower_is_better,True,10.0
PHC-008,Rubochi PHC,Kuje,2026-05,2026-Q2,DROP,Immunisation dropout rate,Child health,1.0,8.0,12.5,percent,10,lower_is_better,False,-2.5
PHC-008,Rubochi PHC,Kuje,2026-06,2026-Q2,DROP,Immunisation dropout rate,Child health,1.0,7.0,14.3,percent,10,lower_is_better,False,-4.3
PHC-009,Bwari PHC,Bwari,2024-07,2024-Q3,DROP,Immunisation dropout rate,Child health,0.0,19.0,0.0,percent,10,lower_is_better,True,10.0
PHC-009,Bwari PHC,Bwari,2024-08,2024-Q3,DROP,Immunisation dropout rate,Child health,1.0,15.0,6.7,percent,10,lower_is_better,True,3.3
PHC-009,Bwari PHC,Bwari,2024-09,2024-Q3,DROP,Immunisation dropout rate,Child health,1.0,22.0,4.5,percent,10,lower_is_better,True,5.5
PHC-009,Bwari PHC,Bwari,2024-10,2024-Q4,DROP,Immunisation dropout rate,Child health,1.0,18.0,5.6,percent,10,lower_is_better,True,4.4
PHC-009,Bwari PHC,Bwari,2024-11,2024-Q4,DROP,Immunisation dropout rate,Child health,0.0,20.0,0.0,percent,10,lower_is_better,True,10.0
PHC-009,Bwari PHC,Bwari,2024-12,2024-Q4,DROP,Immunisation dropout rate,Child health,2.0,23.0,8.7,percent,10,lower_is_better,True,1.3
PHC-009,Bwari PHC,Bwari,2025-01,2025-Q1,DROP,Immunisation dropout rate,Child health,1.0,21.0,4.8,percent,10,lower_is_better,True,5.2
PHC-009,Bwari PHC,Bwari,2025-02,2025-Q1,DROP,Immunisation dropout rate,Child health,0.0,22.0,0.0,percent,10,lower_is_better,True,10.0
PHC-009,Bwari PHC,Bwari,2025-03,2025-Q1,DROP,Immunisation dropout rate,Child health,3.0,20.0,15.0,percent,10,lower_is_better,False,-5.0
PHC-009,Bwari PHC,Bwari,2025-04,2025-Q2,DROP,Immunisation dropout rate,Child health,2.0,23.0,8.7,percent,10,lower_is_better,True,1.3
PHC-009,Bwari PHC,Bwari,2025-05,2025-Q2,DROP,Immunisation dropout rate,Child health,0.0,20.0,0.0,percent,10,lower_is_better,True,10.0
PHC-009,Bwari PHC,Bwari,2025-06,2025-Q2,DROP,Immunisation dropout rate,Child health,0.0,17.0,0.0,percent,10,lower_is_better,True,10.0
PHC-009,Bwari PHC,Bwari,2025-07,2025-Q3,DROP,Immunisation dropout rate,Child health,0.0,18.0,0.0,percent,10,lower_is_better,True,10.0
PHC-009,Bwari PHC,Bwari,2025-08,2025-Q3,DROP,Immunisation dropout rate,Child health,0.0,15.0,0.0,percent,10,lower_is_better,True,10.0
PHC-009,Bwari PHC,Bwari,2025-09,2025-Q3,DROP,Immunisation dropout rate,Child health,0.0,18.0,0.0,percent,10,lower_is_better,True,10.0
PHC-009,Bwari PHC,Bwari,2025-10,2025-Q4,DROP,Immunisation dropout rate,Child health,2.0,19.0,10.5,percent,10,lower_is_better,False,-0.5
PHC-009,Bwari PHC,Bwari,2025-11,2025-Q4,DROP,Immunisation dropout rate,Child health,0.0,24.0,0.0,percent,10,lower_is_better,True,10.0
PHC-009,Bwari PHC,Bwari,2025-12,2025-Q4,DROP,Immunisation dropout rate,Child health,0.0,25.0,0.0,percent,10,lower_is_better,True,10.0
PHC-009,Bwari PHC,Bwari,2026-01,2026-Q1,DROP,Immunisation dropout rate,Child health,1.0,21.0,4.8,percent,10,lower_is_better,True,5.2
PHC-009,Bwari PHC,Bwari,2026-02,2026-Q1,DROP,Immunisation dropout rate,Child health,0.0,25.0,0.0,percent,10,lower_is_better,True,10.0
PHC-009,Bwari PHC,Bwari,2026-03,2026-Q1,DROP,Immunisation dropout rate,Child health,0.0,17.0,0.0,percent,10,lower_is_better,True,10.0
PHC-009,Bwari PHC,Bwari,2026-04,2026-Q2,DROP,Immunisation dropout rate,Child health,2.0,19.0,10.5,percent,10,lower_is_better,False,-0.5
PHC-009,Bwari PHC,Bwari,2026-05,2026-Q2,DROP,Immunisation dropout rate,Child health,1.0,21.0,4.8,percent,10,lower_is_better,True,5.2
PHC-009,Bwari PHC,Bwari,2026-06,2026-Q2,DROP,Immunisation dropout rate,Child health,1.0,17.0,5.9,percent,10,lower_is_better,True,4.1
PHC-010,Ushafa PHC,Bwari,2024-07,2024-Q3,DROP,Immunisation dropout rate,Child health,2.0,9.0,22.2,percent,10,lower_is_better,False,-12.2
PHC-010,Ushafa PHC,Bwari,2024-08,2024-Q3,DROP,Immunisation dropout rate,Child health,3.0,9.0,33.3,percent,10,lower_is_better,False,-23.3
PHC-010,Ushafa PHC,Bwari,2024-09,2024-Q3,DROP,Immunisation dropout rate,Child health,2.0,9.0,22.2,percent,10,lower_is_better,False,-12.2
PHC-010,Ushafa PHC,Bwari,2024-10,2024-Q4,DROP,Immunisation dropout rate,Child health,2.0,10.0,20.0,percent,10,lower_is_better,False,-10.0
PHC-010,Ushafa PHC,Bwari,2024-11,2024-Q4,DROP,Immunisation dropout rate,Child health,3.0,10.0,30.0,percent,10,lower_is_better,False,-20.0
PHC-010,Ushafa PHC,Bwari,2024-12,2024-Q4,DROP,Immunisation dropout rate,Child health,2.0,10.0,20.0,percent,10,lower_is_better,False,-10.0
PHC-010,Ushafa PHC,Bwari,2025-01,2025-Q1,DROP,Immunisation dropout rate,Child health,3.0,11.0,27.3,percent,10,lower_is_better,False,-17.3
PHC-010,Ushafa PHC,Bwari,2025-02,2025-Q1,DROP,Immunisation dropout rate,Child health,3.0,10.0,30.0,percent,10,lower_is_better,False,-20.0
PHC-010,Ushafa PHC,Bwari,2025-03,2025-Q1,DROP,Immunisation dropout rate,Child health,3.0,9.0,33.3,percent,10,lower_is_better,False,-23.3
PHC-010,Ushafa PHC,Bwari,2025-04,2025-Q2,DROP,Immunisation dropout rate,Child health,4.0,12.0,33.3,percent,10,lower_is_better,False,-23.3
PHC-010,Ushafa PHC,Bwari,2025-05,2025-Q2,DROP,Immunisation dropout rate,Child health,3.0,10.0,30.0,percent,10,lower_is_better,False,-20.0
PHC-010,Ushafa PHC,Bwari,2025-06,2025-Q2,DROP,Immunisation dropout rate,Child health,3.0,9.0,33.3,percent,10,lower_is_better,False,-23.3
PHC-010,Ushafa PHC,Bwari,2025-07,2025-Q3,DROP,Immunisation dropout rate,Child health,3.0,9.0,33.3,percent,10,lower_is_better,False,-23.3
PHC-010,Ushafa PHC,Bwari,2025-08,2025-Q3,DROP,Immunisation dropout rate,Child health,2.0,9.0,22.2,percent,10,lower_is_better,False,-12.2
PHC-010,Ushafa PHC,Bwari,2025-09,2025-Q3,DROP,Immunisation dropout rate,Child health,2.0,9.0,22.2,percent,10,lower_is_better,False,-12.2
PHC-010,Ushafa PHC,Bwari,2025-10,2025-Q4,DROP,Immunisation dropout rate,Child health,3.0,9.0,33.3,percent,10,lower_is_better,False,-23.3
PHC-010,Ushafa PHC,Bwari,2025-11,2025-Q4,DROP,Immunisation dropout rate,Child health,3.0,9.0,33.3,percent,10,lower_is_better,False,-23.3
PHC-010,Ushafa PHC,Bwari,2025-12,2025-Q4,DROP,Immunisation dropout rate,Child health,3.0,10.0,30.0,percent,10,lower_is_better,False,-20.0
PHC-010,Ushafa PHC,Bwari,2026-01,2026-Q1,DROP,Immunisation dropout rate,Child health,,,,percent,10,lower_is_better,,
PHC-010,Ushafa PHC,Bwari,2026-02,2026-Q1,DROP,Immunisation dropout rate,Child health,4.0,12.0,33.3,percent,10,lower_is_better,False,-23.3
PHC-010,Ushafa PHC,Bwari,2026-03,2026-Q1,DROP,Immunisation dropout rate,Child health,2.0,9.0,22.2,percent,10,lower_is_better,False,-12.2
PHC-010,Ushafa PHC,Bwari,2026-04,2026-Q2,DROP,Immunisation dropout rate,Child health,3.0,9.0,33.3,percent,10,lower_is_better,False,-23.3
PHC-010,Ushafa PHC,Bwari,2026-05,2026-Q2,DROP,Immunisation dropout rate,Child health,2.0,10.0,20.0,percent,10,lower_is_better,False,-10.0
PHC-010,Ushafa PHC,Bwari,2026-06,2026-Q2,DROP,Immunisation dropout rate,Child health,3.0,9.0,33.3,percent,10,lower_is_better,False,-23.3
PHC-012,Igu PHC,Bwari,2024-07,2024-Q3,DROP,Immunisation dropout rate,Child health,2.0,6.0,33.3,percent,10,lower_is_better,False,-23.3
PHC-012,Igu PHC,Bwari,2024-08,2024-Q3,DROP,Immunisation dropout rate,Child health,2.0,6.0,33.3,percent,10,lower_is_better,False,-23.3
PHC-012,Igu PHC,Bwari,2024-09,2024-Q3,DROP,Immunisation dropout rate,Child health,2.0,6.0,33.3,percent,10,lower_is_better,False,-23.3
PHC-012,Igu PHC,Bwari,2024-10,2024-Q4,DROP,Immunisation dropout rate,Child health,3.0,7.0,42.9,percent,10,lower_is_better,False,-32.9
PHC-012,Igu PHC,Bwari,2024-11,2024-Q4,DROP,Immunisation dropout rate,Child health,2.0,7.0,28.6,percent,10,lower_is_better,False,-18.6
PHC-012,Igu PHC,Bwari,2024-12,2024-Q4,DROP,Immunisation dropout rate,Child health,2.0,7.0,28.6,percent,10,lower_is_better,False,-18.6
PHC-012,Igu PHC,Bwari,2025-01,2025-Q1,DROP,Immunisation dropout rate,Child health,2.0,8.0,25.0,percent,10,lower_is_better,False,-15.0
PHC-012,Igu PHC,Bwari,2025-02,2025-Q1,DROP,Immunisation dropout rate,Child health,2.0,7.0,28.6,percent,10,lower_is_better,False,-18.6
PHC-012,Igu PHC,Bwari,2025-03,2025-Q1,DROP,Immunisation dropout rate,Child health,2.0,7.0,28.6,percent,10,lower_is_better,False,-18.6
PHC-012,Igu PHC,Bwari,2025-04,2025-Q2,DROP,Immunisation dropout rate,Child health,2.0,8.0,25.0,percent,10,lower_is_better,False,-15.0
PHC-012,Igu PHC,Bwari,2025-05,2025-Q2,DROP,Immunisation dropout rate,Child health,2.0,6.0,33.3,percent,10,lower_is_better,False,-23.3
PHC-012,Igu PHC,Bwari,2025-06,2025-Q2,DROP,Immunisation dropout rate,Child health,2.0,6.0,33.3,percent,10,lower_is_better,False,-23.3
PHC-012,Igu PHC,Bwari,2025-07,2025-Q3,DROP,Immunisation dropout rate,Child health,2.0,6.0,33.3,percent,10,lower_is_better,False,-23.3
PHC-012,Igu PHC,Bwari,2025-08,2025-Q3,DROP,Immunisation dropout rate,Child health,2.0,6.0,33.3,percent,10,lower_is_better,False,-23.3
PHC-012,Igu PHC,Bwari,2025-09,2025-Q3,DROP,Immunisation dropout rate,Child health,2.0,6.0,33.3,percent,10,lower_is_better,False,-23.3
PHC-012,Igu PHC,Bwari,2025-10,2025-Q4,DROP,Immunisation dropout rate,Child health,1.0,6.0,16.7,percent,10,lower_is_better,False,-6.7
PHC-012,Igu PHC,Bwari,2025-11,2025-Q4,DROP,Immunisation dropout rate,Child health,2.0,6.0,33.3,percent,10,lower_is_better,False,-23.3
PHC-012,Igu PHC,Bwari,2025-12,2025-Q4,DROP,Immunisation dropout rate,Child health,2.0,7.0,28.6,percent,10,lower_is_better,False,-18.6
PHC-012,Igu PHC,Bwari,2026-01,2026-Q1,DROP,Immunisation dropout rate,Child health,2.0,7.0,28.6,percent,10,lower_is_better,False,-18.6
PHC-012,Igu PHC,Bwari,2026-02,2026-Q1,DROP,Immunisation dropout rate,Child health,3.0,7.0,42.9,percent,10,lower_is_better,False,-32.9
PHC-012,Igu PHC,Bwari,2026-03,2026-Q1,DROP,Immunisation dropout rate,Child health,3.0,7.0,42.9,percent,10,lower_is_better,False,-32.9
PHC-012,Igu PHC,Bwari,2026-04,2026-Q2,DROP,Immunisation dropout rate,Child health,2.0,6.0,33.3,percent,10,lower_is_better,False,-23.3
PHC-012,Igu PHC,Bwari,2026-05,2026-Q2,DROP,Immunisation dropout rate,Child health,2.0,5.0,40.0,percent,10,lower_is_better,False,-30.0
PHC-012,Igu PHC,Bwari,2026-06,2026-Q2,DROP,Immunisation dropout rate,Child health,2.0,5.0,40.0,percent,10,lower_is_better,False,-30.0
CH-007,Kuje Cottage Hospital,Kuje,2024-07,2024-Q3,FDR,Facility delivery rate,Delivery,24.0,43.8,54.8,percent,65,higher_is_better,False,-10.2
CH-007,Kuje Cottage Hospital,Kuje,2024-08,2024-Q3,FDR,Facility delivery rate,Delivery,28.0,43.8,63.9,percent,65,higher_is_better,False,-1.1
CH-007,Kuje Cottage Hospital,Kuje,2024-09,2024-Q3,FDR,Facility delivery rate,Delivery,29.0,43.8,66.2,percent,65,higher_is_better,True,1.2
CH-007,Kuje Cottage Hospital,Kuje,2024-10,2024-Q4,FDR,Facility delivery rate,Delivery,25.0,43.8,57.1,percent,65,higher_is_better,False,-7.9
CH-007,Kuje Cottage Hospital,Kuje,2024-11,2024-Q4,FDR,Facility delivery rate,Delivery,31.0,43.8,70.8,percent,65,higher_is_better,True,5.8
CH-007,Kuje Cottage Hospital,Kuje,2024-12,2024-Q4,FDR,Facility delivery rate,Delivery,34.0,43.8,77.6,percent,65,higher_is_better,True,12.6
CH-007,Kuje Cottage Hospital,Kuje,2025-01,2025-Q1,FDR,Facility delivery rate,Delivery,29.0,43.8,66.2,percent,65,higher_is_better,True,1.2
CH-007,Kuje Cottage Hospital,Kuje,2025-02,2025-Q1,FDR,Facility delivery rate,Delivery,35.0,43.8,79.9,percent,65,higher_is_better,True,14.9
CH-007,Kuje Cottage Hospital,Kuje,2025-03,2025-Q1,FDR,Facility delivery rate,Delivery,33.0,43.8,75.3,percent,65,higher_is_better,True,10.3
CH-007,Kuje Cottage Hospital,Kuje,2025-04,2025-Q2,FDR,Facility delivery rate,Delivery,32.0,43.8,73.1,percent,65,higher_is_better,True,8.1
CH-007,Kuje Cottage Hospital,Kuje,2025-05,2025-Q2,FDR,Facility delivery rate,Delivery,28.0,43.8,63.9,percent,65,higher_is_better,False,-1.1
CH-007,Kuje Cottage Hospital,Kuje,2025-06,2025-Q2,FDR,Facility delivery rate,Delivery,34.0,43.8,77.6,percent,65,higher_is_better,True,12.6
CH-007,Kuje Cottage Hospital,Kuje,2025-07,2025-Q3,FDR,Facility delivery rate,Delivery,23.0,43.8,52.5,percent,65,higher_is_better,False,-12.5
CH-007,Kuje Cottage Hospital,Kuje,2025-08,2025-Q3,FDR,Facility delivery rate,Delivery,25.0,43.8,57.1,percent,65,higher_is_better,False,-7.9
CH-007,Kuje Cottage Hospital,Kuje,2025-09,2025-Q3,FDR,Facility delivery rate,Delivery,30.0,43.8,68.5,percent,65,higher_is_better,True,3.5
CH-007,Kuje Cottage Hospital,Kuje,2025-10,2025-Q4,FDR,Facility delivery rate,Delivery,36.0,43.8,82.2,percent,65,higher_is_better,True,17.2
CH-007,Kuje Cottage Hospital,Kuje,2025-11,2025-Q4,FDR,Facility delivery rate,Delivery,32.0,43.8,73.1,percent,65,higher_is_better,True,8.1
CH-007,Kuje Cottage Hospital,Kuje,2025-12,2025-Q4,FDR,Facility delivery rate,Delivery,26.0,43.8,59.4,percent,65,higher_is_better,False,-5.6
CH-007,Kuje Cottage Hospital,Kuje,2026-01,2026-Q1,FDR,Facility delivery rate,Delivery,30.0,43.8,68.5,percent,65,higher_is_better,True,3.5
CH-007,Kuje Cottage Hospital,Kuje,2026-02,2026-Q1,FDR,Facility delivery rate,Delivery,37.0,43.8,84.5,percent,65,higher_is_better,True,19.5
CH-007,Kuje Cottage Hospital,Kuje,2026-03,2026-Q1,FDR,Facility delivery rate,Delivery,32.0,43.8,73.1,percent,65,higher_is_better,True,8.1
CH-007,Kuje Cottage Hospital,Kuje,2026-04,2026-Q2,FDR,Facility delivery rate,Delivery,32.0,43.8,73.1,percent,65,higher_is_better,True,8.1
CH-007,Kuje Cottage Hospital,Kuje,2026-05,2026-Q2,FDR,Facility delivery rate,Delivery,33.0,43.8,75.3,percent,65,higher_is_better,True,10.3
CH-007,Kuje Cottage Hospital,Kuje,2026-06,2026-Q2,FDR,Facility delivery rate,Delivery,22.0,43.8,50.2,percent,65,higher_is_better,False,-14.8
CH-011,Kubwa Cottage Hospital,Bwari,2024-07,2024-Q3,FDR,Facility delivery rate,Delivery,42.0,60.8,69.1,percent,65,higher_is_better,True,4.1
CH-011,Kubwa Cottage Hospital,Bwari,2024-08,2024-Q3,FDR,Facility delivery rate,Delivery,37.0,60.8,60.9,percent,65,higher_is_better,False,-4.1
CH-011,Kubwa Cottage Hospital,Bwari,2024-09,2024-Q3,FDR,Facility delivery rate,Delivery,34.0,60.8,55.9,percent,65,higher_is_better,False,-9.1
CH-011,Kubwa Cottage Hospital,Bwari,2024-10,2024-Q4,FDR,Facility delivery rate,Delivery,45.0,60.8,74.0,percent,65,higher_is_better,True,9.0
CH-011,Kubwa Cottage Hospital,Bwari,2024-11,2024-Q4,FDR,Facility delivery rate,Delivery,40.0,60.8,65.8,percent,65,higher_is_better,True,0.8
CH-011,Kubwa Cottage Hospital,Bwari,2024-12,2024-Q4,FDR,Facility delivery rate,Delivery,50.0,60.8,82.2,percent,65,higher_is_better,True,17.2
CH-011,Kubwa Cottage Hospital,Bwari,2025-01,2025-Q1,FDR,Facility delivery rate,Delivery,44.0,60.8,72.4,percent,65,higher_is_better,True,7.4
CH-011,Kubwa Cottage Hospital,Bwari,2025-02,2025-Q1,FDR,Facility delivery rate,Delivery,38.0,60.8,62.5,percent,65,higher_is_better,False,-2.5
CH-011,Kubwa Cottage Hospital,Bwari,2025-03,2025-Q1,FDR,Facility delivery rate,Delivery,46.0,60.8,75.7,percent,65,higher_is_better,True,10.7
CH-011,Kubwa Cottage Hospital,Bwari,2025-04,2025-Q2,FDR,Facility delivery rate,Delivery,43.0,60.8,70.7,percent,65,higher_is_better,True,5.7
CH-011,Kubwa Cottage Hospital,Bwari,2025-05,2025-Q2,FDR,Facility delivery rate,Delivery,37.0,60.8,60.9,percent,65,higher_is_better,False,-4.1
CH-011,Kubwa Cottage Hospital,Bwari,2025-06,2025-Q2,FDR,Facility delivery rate,Delivery,36.0,60.8,59.2,percent,65,higher_is_better,False,-5.8
CH-011,Kubwa Cottage Hospital,Bwari,2025-07,2025-Q3,FDR,Facility delivery rate,Delivery,31.0,60.8,51.0,percent,65,higher_is_better,False,-14.0
CH-011,Kubwa Cottage Hospital,Bwari,2025-08,2025-Q3,FDR,Facility delivery rate,Delivery,42.0,60.8,69.1,percent,65,higher_is_better,True,4.1
CH-011,Kubwa Cottage Hospital,Bwari,2025-09,2025-Q3,FDR,Facility delivery rate,Delivery,43.0,60.8,70.7,percent,65,higher_is_better,True,5.7
CH-011,Kubwa Cottage Hospital,Bwari,2025-10,2025-Q4,FDR,Facility delivery rate,Delivery,49.0,60.8,80.6,percent,65,higher_is_better,True,15.6
CH-011,Kubwa Cottage Hospital,Bwari,2025-11,2025-Q4,FDR,Facility delivery rate,Delivery,48.0,60.8,78.9,percent,65,higher_is_better,True,13.9
CH-011,Kubwa Cottage Hospital,Bwari,2025-12,2025-Q4,FDR,Facility delivery rate,Delivery,38.0,60.8,62.5,percent,65,higher_is_better,False,-2.5
CH-011,Kubwa Cottage Hospital,Bwari,2026-01,2026-Q1,FDR,Facility delivery rate,Delivery,42.0,60.8,69.1,percent,65,higher_is_better,True,4.1
CH-011,Kubwa Cottage Hospital,Bwari,2026-02,2026-Q1,FDR,Facility delivery rate,Delivery,49.0,60.8,80.6,percent,65,higher_is_better,True,15.6
CH-011,Kubwa Cottage Hospital,Bwari,2026-03,2026-Q1,FDR,Facility delivery rate,Delivery,44.0,60.8,72.4,percent,65,higher_is_better,True,7.4
CH-011,Kubwa Cottage Hospital,Bwari,2026-04,2026-Q2,FDR,Facility delivery rate,Delivery,40.0,60.8,65.8,percent,65,higher_is_better,True,0.8
CH-011,Kubwa Cottage Hospital,Bwari,2026-05,2026-Q2,FDR,Facility delivery rate,Delivery,40.0,60.8,65.8,percent,65,higher_is_better,True,0.8
CH-011,Kubwa Cottage Hospital,Bwari,2026-06,2026-Q2,FDR,Facility delivery rate,Delivery,39.0,60.8,64.1,percent,65,higher_is_better,False,-0.9
GH-004,Gwagwalada General Hosp,Gwagwalada,2024-07,2024-Q3,FDR,Facility delivery rate,Delivery,55.0,78.0,70.5,percent,65,higher_is_better,True,5.5
GH-004,Gwagwalada General Hosp,Gwagwalada,2024-08,2024-Q3,FDR,Facility delivery rate,Delivery,44.0,78.0,56.4,percent,65,higher_is_better,False,-8.6
GH-004,Gwagwalada General Hosp,Gwagwalada,2024-09,2024-Q3,FDR,Facility delivery rate,Delivery,59.0,78.0,75.6,percent,65,higher_is_better,True,10.6
GH-004,Gwagwalada General Hosp,Gwagwalada,2024-10,2024-Q4,FDR,Facility delivery rate,Delivery,73.0,78.0,93.6,percent,65,higher_is_better,True,28.6
GH-004,Gwagwalada General Hosp,Gwagwalada,2024-11,2024-Q4,FDR,Facility delivery rate,Delivery,68.0,78.0,87.2,percent,65,higher_is_better,True,22.2
GH-004,Gwagwalada General Hosp,Gwagwalada,2024-12,2024-Q4,FDR,Facility delivery rate,Delivery,64.0,78.0,82.1,percent,65,higher_is_better,True,17.1
GH-004,Gwagwalada General Hosp,Gwagwalada,2025-01,2025-Q1,FDR,Facility delivery rate,Delivery,57.0,78.0,73.1,percent,65,higher_is_better,True,8.1
GH-004,Gwagwalada General Hosp,Gwagwalada,2025-02,2025-Q1,FDR,Facility delivery rate,Delivery,63.0,78.0,80.8,percent,65,higher_is_better,True,15.8
GH-004,Gwagwalada General Hosp,Gwagwalada,2025-03,2025-Q1,FDR,Facility delivery rate,Delivery,64.0,78.0,82.1,percent,65,higher_is_better,True,17.1
GH-004,Gwagwalada General Hosp,Gwagwalada,2025-04,2025-Q2,FDR,Facility delivery rate,Delivery,65.0,78.0,83.3,percent,65,higher_is_better,True,18.3
GH-004,Gwagwalada General Hosp,Gwagwalada,2025-05,2025-Q2,FDR,Facility delivery rate,Delivery,62.0,78.0,79.5,percent,65,higher_is_better,True,14.5
GH-004,Gwagwalada General Hosp,Gwagwalada,2025-06,2025-Q2,FDR,Facility delivery rate,Delivery,54.0,78.0,69.2,percent,65,higher_is_better,True,4.2
GH-004,Gwagwalada General Hosp,Gwagwalada,2025-07,2025-Q3,FDR,Facility delivery rate,Delivery,61.0,78.0,78.2,percent,65,higher_is_better,True,13.2
GH-004,Gwagwalada General Hosp,Gwagwalada,2025-08,2025-Q3,FDR,Facility delivery rate,Delivery,53.0,78.0,67.9,percent,65,higher_is_better,True,2.9
GH-004,Gwagwalada General Hosp,Gwagwalada,2025-09,2025-Q3,FDR,Facility delivery rate,Delivery,57.0,78.0,73.1,percent,65,higher_is_better,True,8.1
GH-004,Gwagwalada General Hosp,Gwagwalada,2025-10,2025-Q4,FDR,Facility delivery rate,Delivery,68.0,78.0,87.2,percent,65,higher_is_better,True,22.2
GH-004,Gwagwalada General Hosp,Gwagwalada,2025-11,2025-Q4,FDR,Facility delivery rate,Delivery,61.0,78.0,78.2,percent,65,higher_is_better,True,13.2
GH-004,Gwagwalada General Hosp,Gwagwalada,2025-12,2025-Q4,FDR,Facility delivery rate,Delivery,65.0,78.0,83.3,percent,65,higher_is_better,True,18.3
GH-004,Gwagwalada General Hosp,Gwagwalada,2026-01,2026-Q1,FDR,Facility delivery rate,Delivery,61.0,78.0,78.2,percent,65,higher_is_better,True,13.2
GH-004,Gwagwalada General Hosp,Gwagwalada,2026-02,2026-Q1,FDR,Facility delivery rate,Delivery,65.0,78.0,83.3,percent,65,higher_is_better,True,18.3
GH-004,Gwagwalada General Hosp,Gwagwalada,2026-03,2026-Q1,FDR,Facility delivery rate,Delivery,68.0,78.0,87.2,percent,65,higher_is_better,True,22.2
GH-004,Gwagwalada General Hosp,Gwagwalada,2026-04,2026-Q2,FDR,Facility delivery rate,Delivery,69.0,78.0,88.5,percent,65,higher_is_better,True,23.5
GH-004,Gwagwalada General Hosp,Gwagwalada,2026-05,2026-Q2,FDR,Facility delivery rate,Delivery,53.0,78.0,67.9,percent,65,higher_is_better,True,2.9
GH-004,Gwagwalada General Hosp,Gwagwalada,2026-06,2026-Q2,FDR,Facility delivery rate,Delivery,62.0,78.0,79.5,percent,65,higher_is_better,True,14.5
PHC-001,Gwagwalada PHC,Gwagwalada,2024-07,2024-Q3,FDR,Facility delivery rate,Delivery,22.0,31.8,69.2,percent,65,higher_is_better,True,4.2
PHC-001,Gwagwalada PHC,Gwagwalada,2024-08,2024-Q3,FDR,Facility delivery rate,Delivery,20.0,31.8,62.9,percent,65,higher_is_better,False,-2.1
PHC-001,Gwagwalada PHC,Gwagwalada,2024-09,2024-Q3,FDR,Facility delivery rate,Delivery,22.0,31.8,69.2,percent,65,higher_is_better,True,4.2
PHC-001,Gwagwalada PHC,Gwagwalada,2024-10,2024-Q4,FDR,Facility delivery rate,Delivery,24.0,31.8,75.5,percent,65,higher_is_better,True,10.5
PHC-001,Gwagwalada PHC,Gwagwalada,2024-11,2024-Q4,FDR,Facility delivery rate,Delivery,25.0,31.8,78.6,percent,65,higher_is_better,True,13.6
PHC-001,Gwagwalada PHC,Gwagwalada,2024-12,2024-Q4,FDR,Facility delivery rate,Delivery,31.0,31.8,97.5,percent,65,higher_is_better,True,32.5
PHC-001,Gwagwalada PHC,Gwagwalada,2025-01,2025-Q1,FDR,Facility delivery rate,Delivery,27.0,31.8,84.9,percent,65,higher_is_better,True,19.9
PHC-001,Gwagwalada PHC,Gwagwalada,2025-02,2025-Q1,FDR,Facility delivery rate,Delivery,27.0,31.8,84.9,percent,65,higher_is_better,True,19.9
PHC-001,Gwagwalada PHC,Gwagwalada,2025-03,2025-Q1,FDR,Facility delivery rate,Delivery,25.0,31.8,78.6,percent,65,higher_is_better,True,13.6
PHC-001,Gwagwalada PHC,Gwagwalada,2025-04,2025-Q2,FDR,Facility delivery rate,Delivery,28.0,31.8,88.1,percent,65,higher_is_better,True,23.1
PHC-001,Gwagwalada PHC,Gwagwalada,2025-05,2025-Q2,FDR,Facility delivery rate,Delivery,25.0,31.8,78.6,percent,65,higher_is_better,True,13.6
PHC-001,Gwagwalada PHC,Gwagwalada,2025-06,2025-Q2,FDR,Facility delivery rate,Delivery,19.0,31.8,59.7,percent,65,higher_is_better,False,-5.3
PHC-001,Gwagwalada PHC,Gwagwalada,2025-07,2025-Q3,FDR,Facility delivery rate,Delivery,23.0,31.8,72.3,percent,65,higher_is_better,True,7.3
PHC-001,Gwagwalada PHC,Gwagwalada,2025-08,2025-Q3,FDR,Facility delivery rate,Delivery,20.0,31.8,62.9,percent,65,higher_is_better,False,-2.1
PHC-001,Gwagwalada PHC,Gwagwalada,2025-09,2025-Q3,FDR,Facility delivery rate,Delivery,21.0,31.8,66.0,percent,65,higher_is_better,True,1.0
PHC-001,Gwagwalada PHC,Gwagwalada,2025-10,2025-Q4,FDR,Facility delivery rate,Delivery,25.0,31.8,78.6,percent,65,higher_is_better,True,13.6
PHC-001,Gwagwalada PHC,Gwagwalada,2025-11,2025-Q4,FDR,Facility delivery rate,Delivery,25.0,31.8,78.6,percent,65,higher_is_better,True,13.6
PHC-001,Gwagwalada PHC,Gwagwalada,2025-12,2025-Q4,FDR,Facility delivery rate,Delivery,26.0,31.8,81.8,percent,65,higher_is_better,True,16.8
PHC-001,Gwagwalada PHC,Gwagwalada,2026-01,2026-Q1,FDR,Facility delivery rate,Delivery,28.0,31.8,88.1,percent,65,higher_is_better,True,23.1
PHC-001,Gwagwalada PHC,Gwagwalada,2026-02,2026-Q1,FDR,Facility delivery rate,Delivery,27.0,31.8,84.9,percent,65,higher_is_better,True,19.9
PHC-001,Gwagwalada PHC,Gwagwalada,2026-03,2026-Q1,FDR,Facility delivery rate,Delivery,24.0,31.8,75.5,percent,65,higher_is_better,True,10.5
PHC-001,Gwagwalada PHC,Gwagwalada,2026-04,2026-Q2,FDR,Facility delivery rate,Delivery,27.0,31.8,84.9,percent,65,higher_is_better,True,19.9
PHC-001,Gwagwalada PHC,Gwagwalada,2026-05,2026-Q2,FDR,Facility delivery rate,Delivery,27.0,31.8,84.9,percent,65,higher_is_better,True,19.9
PHC-001,Gwagwalada PHC,Gwagwalada,2026-06,2026-Q2,FDR,Facility delivery rate,Delivery,21.0,31.8,66.0,percent,65,higher_is_better,True,1.0
PHC-002,Dobi PHC,Gwagwalada,2024-07,2024-Q3,FDR,Facility delivery rate,Delivery,7.0,13.7,51.1,percent,65,higher_is_better,False,-13.9
PHC-002,Dobi PHC,Gwagwalada,2024-08,2024-Q3,FDR,Facility delivery rate,Delivery,7.0,13.7,51.1,percent,65,higher_is_better,False,-13.9
PHC-002,Dobi PHC,Gwagwalada,2024-09,2024-Q3,FDR,Facility delivery rate,Delivery,7.0,13.7,51.1,percent,65,higher_is_better,False,-13.9
PHC-002,Dobi PHC,Gwagwalada,2024-10,2024-Q4,FDR,Facility delivery rate,Delivery,7.0,13.7,51.1,percent,65,higher_is_better,False,-13.9
PHC-002,Dobi PHC,Gwagwalada,2024-11,2024-Q4,FDR,Facility delivery rate,Delivery,8.0,13.7,58.4,percent,65,higher_is_better,False,-6.6
PHC-002,Dobi PHC,Gwagwalada,2024-12,2024-Q4,FDR,Facility delivery rate,Delivery,8.0,13.7,58.4,percent,65,higher_is_better,False,-6.6
PHC-002,Dobi PHC,Gwagwalada,2025-01,2025-Q1,FDR,Facility delivery rate,Delivery,10.0,13.7,73.0,percent,65,higher_is_better,True,8.0
PHC-002,Dobi PHC,Gwagwalada,2025-02,2025-Q1,FDR,Facility delivery rate,Delivery,10.0,13.7,73.0,percent,65,higher_is_better,True,8.0
PHC-002,Dobi PHC,Gwagwalada,2025-03,2025-Q1,FDR,Facility delivery rate,Delivery,9.0,13.7,65.7,percent,65,higher_is_better,True,0.7
PHC-002,Dobi PHC,Gwagwalada,2025-04,2025-Q2,FDR,Facility delivery rate,Delivery,7.0,13.7,51.1,percent,65,higher_is_better,False,-13.9
PHC-002,Dobi PHC,Gwagwalada,2025-05,2025-Q2,FDR,Facility delivery rate,Delivery,8.0,13.7,58.4,percent,65,higher_is_better,False,-6.6
PHC-002,Dobi PHC,Gwagwalada,2025-06,2025-Q2,FDR,Facility delivery rate,Delivery,7.0,13.7,51.1,percent,65,higher_is_better,False,-13.9
PHC-002,Dobi PHC,Gwagwalada,2025-07,2025-Q3,FDR,Facility delivery rate,Delivery,7.0,13.7,51.1,percent,65,higher_is_better,False,-13.9
PHC-002,Dobi PHC,Gwagwalada,2025-08,2025-Q3,FDR,Facility delivery rate,Delivery,7.0,13.7,51.1,percent,65,higher_is_better,False,-13.9
PHC-002,Dobi PHC,Gwagwalada,2025-09,2025-Q3,FDR,Facility delivery rate,Delivery,8.0,13.7,58.4,percent,65,higher_is_better,False,-6.6
PHC-002,Dobi PHC,Gwagwalada,2025-10,2025-Q4,FDR,Facility delivery rate,Delivery,9.0,13.7,65.7,percent,65,higher_is_better,True,0.7
PHC-002,Dobi PHC,Gwagwalada,2025-11,2025-Q4,FDR,Facility delivery rate,Delivery,7.0,13.7,51.1,percent,65,higher_is_better,False,-13.9
PHC-002,Dobi PHC,Gwagwalada,2025-12,2025-Q4,FDR,Facility delivery rate,Delivery,7.0,13.7,51.1,percent,65,higher_is_better,False,-13.9
PHC-002,Dobi PHC,Gwagwalada,2026-01,2026-Q1,FDR,Facility delivery rate,Delivery,7.0,13.7,51.1,percent,65,higher_is_better,False,-13.9
PHC-002,Dobi PHC,Gwagwalada,2026-02,2026-Q1,FDR,Facility delivery rate,Delivery,8.0,13.7,58.4,percent,65,higher_is_better,False,-6.6
PHC-002,Dobi PHC,Gwagwalada,2026-03,2026-Q1,FDR,Facility delivery rate,Delivery,9.0,13.7,65.7,percent,65,higher_is_better,True,0.7
PHC-002,Dobi PHC,Gwagwalada,2026-04,2026-Q2,FDR,Facility delivery rate,Delivery,8.0,13.7,58.4,percent,65,higher_is_better,False,-6.6
PHC-002,Dobi PHC,Gwagwalada,2026-05,2026-Q2,FDR,Facility delivery rate,Delivery,8.0,13.7,58.4,percent,65,higher_is_better,False,-6.6
PHC-002,Dobi PHC,Gwagwalada,2026-06,2026-Q2,FDR,Facility delivery rate,Delivery,7.0,13.7,51.1,percent,65,higher_is_better,False,-13.9
PHC-003,Zuba PHC,Gwagwalada,2024-07,2024-Q3,FDR,Facility delivery rate,Delivery,13.0,21.2,61.3,percent,65,higher_is_better,False,-3.7
PHC-003,Zuba PHC,Gwagwalada,2024-08,2024-Q3,FDR,Facility delivery rate,Delivery,14.0,21.2,66.0,percent,65,higher_is_better,True,1.0
PHC-003,Zuba PHC,Gwagwalada,2024-09,2024-Q3,FDR,Facility delivery rate,Delivery,14.0,21.2,66.0,percent,65,higher_is_better,True,1.0
PHC-003,Zuba PHC,Gwagwalada,2024-10,2024-Q4,FDR,Facility delivery rate,Delivery,12.0,21.2,56.6,percent,65,higher_is_better,False,-8.4
PHC-003,Zuba PHC,Gwagwalada,2024-11,2024-Q4,FDR,Facility delivery rate,Delivery,18.0,21.2,84.9,percent,65,higher_is_better,True,19.9
PHC-003,Zuba PHC,Gwagwalada,2024-12,2024-Q4,FDR,Facility delivery rate,Delivery,16.0,21.2,75.5,percent,65,higher_is_better,True,10.5
PHC-003,Zuba PHC,Gwagwalada,2025-01,2025-Q1,FDR,Facility delivery rate,Delivery,13.0,21.2,61.3,percent,65,higher_is_better,False,-3.7
PHC-003,Zuba PHC,Gwagwalada,2025-02,2025-Q1,FDR,Facility delivery rate,Delivery,14.0,21.2,66.0,percent,65,higher_is_better,True,1.0
PHC-003,Zuba PHC,Gwagwalada,2025-03,2025-Q1,FDR,Facility delivery rate,Delivery,14.0,21.2,66.0,percent,65,higher_is_better,True,1.0
PHC-003,Zuba PHC,Gwagwalada,2025-04,2025-Q2,FDR,Facility delivery rate,Delivery,13.0,21.2,61.3,percent,65,higher_is_better,False,-3.7
PHC-003,Zuba PHC,Gwagwalada,2025-05,2025-Q2,FDR,Facility delivery rate,Delivery,17.0,21.2,80.2,percent,65,higher_is_better,True,15.2
PHC-003,Zuba PHC,Gwagwalada,2025-06,2025-Q2,FDR,Facility delivery rate,Delivery,13.0,21.2,61.3,percent,65,higher_is_better,False,-3.7
PHC-003,Zuba PHC,Gwagwalada,2025-07,2025-Q3,FDR,Facility delivery rate,Delivery,12.0,21.2,56.6,percent,65,higher_is_better,False,-8.4
PHC-003,Zuba PHC,Gwagwalada,2025-08,2025-Q3,FDR,Facility delivery rate,Delivery,13.0,21.2,61.3,percent,65,higher_is_better,False,-3.7
PHC-003,Zuba PHC,Gwagwalada,2025-09,2025-Q3,FDR,Facility delivery rate,Delivery,11.0,21.2,51.9,percent,65,higher_is_better,False,-13.1
PHC-003,Zuba PHC,Gwagwalada,2025-10,2025-Q4,FDR,Facility delivery rate,Delivery,16.0,21.2,75.5,percent,65,higher_is_better,True,10.5
PHC-003,Zuba PHC,Gwagwalada,2025-11,2025-Q4,FDR,Facility delivery rate,Delivery,16.0,21.2,75.5,percent,65,higher_is_better,True,10.5
PHC-003,Zuba PHC,Gwagwalada,2025-12,2025-Q4,FDR,Facility delivery rate,Delivery,16.0,21.2,75.5,percent,65,higher_is_better,True,10.5
PHC-003,Zuba PHC,Gwagwalada,2026-01,2026-Q1,FDR,Facility delivery rate,Delivery,15.0,21.2,70.8,percent,65,higher_is_better,True,5.8
PHC-003,Zuba PHC,Gwagwalada,2026-02,2026-Q1,FDR,Facility delivery rate,Delivery,15.0,21.2,70.8,percent,65,higher_is_better,True,5.8
PHC-003,Zuba PHC,Gwagwalada,2026-03,2026-Q1,FDR,Facility delivery rate,Delivery,17.0,21.2,80.2,percent,65,higher_is_better,True,15.2
PHC-003,Zuba PHC,Gwagwalada,2026-04,2026-Q2,FDR,Facility delivery rate,Delivery,16.0,21.2,75.5,percent,65,higher_is_better,True,10.5
PHC-003,Zuba PHC,Gwagwalada,2026-05,2026-Q2,FDR,Facility delivery rate,Delivery,12.0,21.2,56.6,percent,65,higher_is_better,False,-8.4
PHC-003,Zuba PHC,Gwagwalada,2026-06,2026-Q2,FDR,Facility delivery rate,Delivery,17.0,21.2,80.2,percent,65,higher_is_better,True,15.2
PHC-005,Kuje PHC,Kuje,2024-07,2024-Q3,FDR,Facility delivery rate,Delivery,8.0,16.6,48.2,percent,65,higher_is_better,False,-16.8
PHC-005,Kuje PHC,Kuje,2024-08,2024-Q3,FDR,Facility delivery rate,Delivery,8.0,16.6,48.2,percent,65,higher_is_better,False,-16.8
PHC-005,Kuje PHC,Kuje,2024-09,2024-Q3,FDR,Facility delivery rate,Delivery,7.0,16.6,42.2,percent,65,higher_is_better,False,-22.8
PHC-005,Kuje PHC,Kuje,2024-10,2024-Q4,FDR,Facility delivery rate,Delivery,8.0,16.6,48.2,percent,65,higher_is_better,False,-16.8
PHC-005,Kuje PHC,Kuje,2024-11,2024-Q4,FDR,Facility delivery rate,Delivery,11.0,16.6,66.3,percent,65,higher_is_better,True,1.3
PHC-005,Kuje PHC,Kuje,2024-12,2024-Q4,FDR,Facility delivery rate,Delivery,10.0,16.6,60.2,percent,65,higher_is_better,False,-4.8
PHC-005,Kuje PHC,Kuje,2025-01,2025-Q1,FDR,Facility delivery rate,Delivery,10.0,16.6,60.2,percent,65,higher_is_better,False,-4.8
PHC-005,Kuje PHC,Kuje,2025-02,2025-Q1,FDR,Facility delivery rate,Delivery,9.0,16.6,54.2,percent,65,higher_is_better,False,-10.8
PHC-005,Kuje PHC,Kuje,2025-03,2025-Q1,FDR,Facility delivery rate,Delivery,8.0,16.6,48.2,percent,65,higher_is_better,False,-16.8
PHC-005,Kuje PHC,Kuje,2025-04,2025-Q2,FDR,Facility delivery rate,Delivery,8.0,16.6,48.2,percent,65,higher_is_better,False,-16.8
PHC-005,Kuje PHC,Kuje,2025-05,2025-Q2,FDR,Facility delivery rate,Delivery,9.0,16.6,54.2,percent,65,higher_is_better,False,-10.8
PHC-005,Kuje PHC,Kuje,2025-06,2025-Q2,FDR,Facility delivery rate,Delivery,8.0,16.6,48.2,percent,65,higher_is_better,False,-16.8
PHC-005,Kuje PHC,Kuje,2025-07,2025-Q3,FDR,Facility delivery rate,Delivery,7.0,16.6,42.2,percent,65,higher_is_better,False,-22.8
PHC-005,Kuje PHC,Kuje,2025-08,2025-Q3,FDR,Facility delivery rate,Delivery,,16.6,,percent,65,higher_is_better,,
PHC-005,Kuje PHC,Kuje,2025-09,2025-Q3,FDR,Facility delivery rate,Delivery,6.0,16.6,36.1,percent,65,higher_is_better,False,-28.9
PHC-005,Kuje PHC,Kuje,2025-10,2025-Q4,FDR,Facility delivery rate,Delivery,9.0,16.6,54.2,percent,65,higher_is_better,False,-10.8
PHC-005,Kuje PHC,Kuje,2025-11,2025-Q4,FDR,Facility delivery rate,Delivery,8.0,16.6,48.2,percent,65,higher_is_better,False,-16.8
PHC-005,Kuje PHC,Kuje,2025-12,2025-Q4,FDR,Facility delivery rate,Delivery,7.0,16.6,42.2,percent,65,higher_is_better,False,-22.8
PHC-005,Kuje PHC,Kuje,2026-01,2026-Q1,FDR,Facility delivery rate,Delivery,9.0,16.6,54.2,percent,65,higher_is_better,False,-10.8
PHC-005,Kuje PHC,Kuje,2026-02,2026-Q1,FDR,Facility delivery rate,Delivery,8.0,16.6,48.2,percent,65,higher_is_better,False,-16.8
PHC-005,Kuje PHC,Kuje,2026-03,2026-Q1,FDR,Facility delivery rate,Delivery,9.0,16.6,54.2,percent,65,higher_is_better,False,-10.8
PHC-005,Kuje PHC,Kuje,2026-04,2026-Q2,FDR,Facility delivery rate,Delivery,9.0,16.6,54.2,percent,65,higher_is_better,False,-10.8
PHC-005,Kuje PHC,Kuje,2026-05,2026-Q2,FDR,Facility delivery rate,Delivery,6.0,16.6,36.1,percent,65,higher_is_better,False,-28.9
PHC-005,Kuje PHC,Kuje,2026-06,2026-Q2,FDR,Facility delivery rate,Delivery,5.0,16.6,30.1,percent,65,higher_is_better,False,-34.9
PHC-006,Gaube PHC,Kuje,2024-07,2024-Q3,FDR,Facility delivery rate,Delivery,5.0,10.1,49.5,percent,65,higher_is_better,False,-15.5
PHC-006,Gaube PHC,Kuje,2024-08,2024-Q3,FDR,Facility delivery rate,Delivery,5.0,10.1,49.5,percent,65,higher_is_better,False,-15.5
PHC-006,Gaube PHC,Kuje,2024-09,2024-Q3,FDR,Facility delivery rate,Delivery,6.0,10.1,59.4,percent,65,higher_is_better,False,-5.6
PHC-006,Gaube PHC,Kuje,2024-10,2024-Q4,FDR,Facility delivery rate,Delivery,7.0,10.1,69.3,percent,65,higher_is_better,True,4.3
PHC-006,Gaube PHC,Kuje,2024-11,2024-Q4,FDR,Facility delivery rate,Delivery,7.0,10.1,69.3,percent,65,higher_is_better,True,4.3
PHC-006,Gaube PHC,Kuje,2024-12,2024-Q4,FDR,Facility delivery rate,Delivery,6.0,10.1,59.4,percent,65,higher_is_better,False,-5.6
PHC-006,Gaube PHC,Kuje,2025-01,2025-Q1,FDR,Facility delivery rate,Delivery,7.0,10.1,69.3,percent,65,higher_is_better,True,4.3
PHC-006,Gaube PHC,Kuje,2025-02,2025-Q1,FDR,Facility delivery rate,Delivery,6.0,10.1,59.4,percent,65,higher_is_better,False,-5.6
PHC-006,Gaube PHC,Kuje,2025-03,2025-Q1,FDR,Facility delivery rate,Delivery,6.0,10.1,59.4,percent,65,higher_is_better,False,-5.6
PHC-006,Gaube PHC,Kuje,2025-04,2025-Q2,FDR,Facility delivery rate,Delivery,6.0,10.1,59.4,percent,65,higher_is_better,False,-5.6
PHC-006,Gaube PHC,Kuje,2025-05,2025-Q2,FDR,Facility delivery rate,Delivery,5.0,10.1,49.5,percent,65,higher_is_better,False,-15.5
PHC-006,Gaube PHC,Kuje,2025-06,2025-Q2,FDR,Facility delivery rate,Delivery,6.0,10.1,59.4,percent,65,higher_is_better,False,-5.6
PHC-006,Gaube PHC,Kuje,2025-07,2025-Q3,FDR,Facility delivery rate,Delivery,7.0,10.1,69.3,percent,65,higher_is_better,True,4.3
PHC-006,Gaube PHC,Kuje,2025-08,2025-Q3,FDR,Facility delivery rate,Delivery,5.0,10.1,49.5,percent,65,higher_is_better,False,-15.5
PHC-006,Gaube PHC,Kuje,2025-09,2025-Q3,FDR,Facility delivery rate,Delivery,5.0,10.1,49.5,percent,65,higher_is_better,False,-15.5
PHC-006,Gaube PHC,Kuje,2025-10,2025-Q4,FDR,Facility delivery rate,Delivery,6.0,10.1,59.4,percent,65,higher_is_better,False,-5.6
PHC-006,Gaube PHC,Kuje,2025-11,2025-Q4,FDR,Facility delivery rate,Delivery,6.0,10.1,59.4,percent,65,higher_is_better,False,-5.6
PHC-006,Gaube PHC,Kuje,2025-12,2025-Q4,FDR,Facility delivery rate,Delivery,8.0,10.1,79.2,percent,65,higher_is_better,True,14.2
PHC-006,Gaube PHC,Kuje,2026-01,2026-Q1,FDR,Facility delivery rate,Delivery,5.0,10.1,49.5,percent,65,higher_is_better,False,-15.5
PHC-006,Gaube PHC,Kuje,2026-02,2026-Q1,FDR,Facility delivery rate,Delivery,7.0,10.1,69.3,percent,65,higher_is_better,True,4.3
PHC-006,Gaube PHC,Kuje,2026-03,2026-Q1,FDR,Facility delivery rate,Delivery,6.0,10.1,59.4,percent,65,higher_is_better,False,-5.6
PHC-006,Gaube PHC,Kuje,2026-04,2026-Q2,FDR,Facility delivery rate,Delivery,6.0,10.1,59.4,percent,65,higher_is_better,False,-5.6
PHC-006,Gaube PHC,Kuje,2026-05,2026-Q2,FDR,Facility delivery rate,Delivery,6.0,10.1,59.4,percent,65,higher_is_better,False,-5.6
PHC-006,Gaube PHC,Kuje,2026-06,2026-Q2,FDR,Facility delivery rate,Delivery,5.0,10.1,49.5,percent,65,higher_is_better,False,-15.5
PHC-008,Rubochi PHC,Kuje,2024-07,2024-Q3,FDR,Facility delivery rate,Delivery,6.0,9.4,63.8,percent,65,higher_is_better,False,-1.2
PHC-008,Rubochi PHC,Kuje,2024-08,2024-Q3,FDR,Facility delivery rate,Delivery,6.0,9.4,63.8,percent,65,higher_is_better,False,-1.2
PHC-008,Rubochi PHC,Kuje,2024-09,2024-Q3,FDR,Facility delivery rate,Delivery,7.0,9.4,74.5,percent,65,higher_is_better,True,9.5
PHC-008,Rubochi PHC,Kuje,2024-10,2024-Q4,FDR,Facility delivery rate,Delivery,6.0,9.4,63.8,percent,65,higher_is_better,False,-1.2
PHC-008,Rubochi PHC,Kuje,2024-11,2024-Q4,FDR,Facility delivery rate,Delivery,6.0,9.4,63.8,percent,65,higher_is_better,False,-1.2
PHC-008,Rubochi PHC,Kuje,2024-12,2024-Q4,FDR,Facility delivery rate,Delivery,7.0,9.4,74.5,percent,65,higher_is_better,True,9.5
PHC-008,Rubochi PHC,Kuje,2025-01,2025-Q1,FDR,Facility delivery rate,Delivery,6.0,9.4,63.8,percent,65,higher_is_better,False,-1.2
PHC-008,Rubochi PHC,Kuje,2025-02,2025-Q1,FDR,Facility delivery rate,Delivery,7.0,9.4,74.5,percent,65,higher_is_better,True,9.5
PHC-008,Rubochi PHC,Kuje,2025-03,2025-Q1,FDR,Facility delivery rate,Delivery,5.0,9.4,53.2,percent,65,higher_is_better,False,-11.8
PHC-008,Rubochi PHC,Kuje,2025-04,2025-Q2,FDR,Facility delivery rate,Delivery,6.0,9.4,63.8,percent,65,higher_is_better,False,-1.2
PHC-008,Rubochi PHC,Kuje,2025-05,2025-Q2,FDR,Facility delivery rate,Delivery,5.0,9.4,53.2,percent,65,higher_is_better,False,-11.8
PHC-008,Rubochi PHC,Kuje,2025-06,2025-Q2,FDR,Facility delivery rate,Delivery,7.0,9.4,74.5,percent,65,higher_is_better,True,9.5
PHC-008,Rubochi PHC,Kuje,2025-07,2025-Q3,FDR,Facility delivery rate,Delivery,5.0,9.4,53.2,percent,65,higher_is_better,False,-11.8
PHC-008,Rubochi PHC,Kuje,2025-08,2025-Q3,FDR,Facility delivery rate,Delivery,6.0,9.4,63.8,percent,65,higher_is_better,False,-1.2
PHC-008,Rubochi PHC,Kuje,2025-09,2025-Q3,FDR,Facility delivery rate,Delivery,6.0,9.4,63.8,percent,65,higher_is_better,False,-1.2
PHC-008,Rubochi PHC,Kuje,2025-10,2025-Q4,FDR,Facility delivery rate,Delivery,6.0,9.4,63.8,percent,65,higher_is_better,False,-1.2
PHC-008,Rubochi PHC,Kuje,2025-11,2025-Q4,FDR,Facility delivery rate,Delivery,7.0,9.4,74.5,percent,65,higher_is_better,True,9.5
PHC-008,Rubochi PHC,Kuje,2025-12,2025-Q4,FDR,Facility delivery rate,Delivery,7.0,9.4,74.5,percent,65,higher_is_better,True,9.5
PHC-008,Rubochi PHC,Kuje,2026-01,2026-Q1,FDR,Facility delivery rate,Delivery,7.0,9.4,74.5,percent,65,higher_is_better,True,9.5
PHC-008,Rubochi PHC,Kuje,2026-02,2026-Q1,FDR,Facility delivery rate,Delivery,7.0,9.4,74.5,percent,65,higher_is_better,True,9.5
PHC-008,Rubochi PHC,Kuje,2026-03,2026-Q1,FDR,Facility delivery rate,Delivery,7.0,9.4,74.5,percent,65,higher_is_better,True,9.5
PHC-008,Rubochi PHC,Kuje,2026-04,2026-Q2,FDR,Facility delivery rate,Delivery,6.0,9.4,63.8,percent,65,higher_is_better,False,-1.2
PHC-008,Rubochi PHC,Kuje,2026-05,2026-Q2,FDR,Facility delivery rate,Delivery,6.0,9.4,63.8,percent,65,higher_is_better,False,-1.2
PHC-008,Rubochi PHC,Kuje,2026-06,2026-Q2,FDR,Facility delivery rate,Delivery,7.0,9.4,74.5,percent,65,higher_is_better,True,9.5
PHC-009,Bwari PHC,Bwari,2024-07,2024-Q3,FDR,Facility delivery rate,Delivery,17.0,24.1,70.5,percent,65,higher_is_better,True,5.5
PHC-009,Bwari PHC,Bwari,2024-08,2024-Q3,FDR,Facility delivery rate,Delivery,17.0,24.1,70.5,percent,65,higher_is_better,True,5.5
PHC-009,Bwari PHC,Bwari,2024-09,2024-Q3,FDR,Facility delivery rate,Delivery,18.0,24.1,74.7,percent,65,higher_is_better,True,9.7
PHC-009,Bwari PHC,Bwari,2024-10,2024-Q4,FDR,Facility delivery rate,Delivery,17.0,24.1,70.5,percent,65,higher_is_better,True,5.5
PHC-009,Bwari PHC,Bwari,2024-11,2024-Q4,FDR,Facility delivery rate,Delivery,20.0,24.1,83.0,percent,65,higher_is_better,True,18.0
PHC-009,Bwari PHC,Bwari,2024-12,2024-Q4,FDR,Facility delivery rate,Delivery,19.0,24.1,78.8,percent,65,higher_is_better,True,13.8
PHC-009,Bwari PHC,Bwari,2025-01,2025-Q1,FDR,Facility delivery rate,Delivery,20.0,24.1,83.0,percent,65,higher_is_better,True,18.0
PHC-009,Bwari PHC,Bwari,2025-02,2025-Q1,FDR,Facility delivery rate,Delivery,19.0,24.1,78.8,percent,65,higher_is_better,True,13.8
PHC-009,Bwari PHC,Bwari,2025-03,2025-Q1,FDR,Facility delivery rate,Delivery,17.0,24.1,70.5,percent,65,higher_is_better,True,5.5
PHC-009,Bwari PHC,Bwari,2025-04,2025-Q2,FDR,Facility delivery rate,Delivery,19.0,24.1,78.8,percent,65,higher_is_better,True,13.8
PHC-009,Bwari PHC,Bwari,2025-05,2025-Q2,FDR,Facility delivery rate,Delivery,16.0,24.1,66.4,percent,65,higher_is_better,True,1.4
PHC-009,Bwari PHC,Bwari,2025-06,2025-Q2,FDR,Facility delivery rate,Delivery,16.0,24.1,66.4,percent,65,higher_is_better,True,1.4
PHC-009,Bwari PHC,Bwari,2025-07,2025-Q3,FDR,Facility delivery rate,Delivery,16.0,24.1,66.4,percent,65,higher_is_better,True,1.4
PHC-009,Bwari PHC,Bwari,2025-08,2025-Q3,FDR,Facility delivery rate,Delivery,16.0,24.1,66.4,percent,65,higher_is_better,True,1.4
PHC-009,Bwari PHC,Bwari,2025-09,2025-Q3,FDR,Facility delivery rate,Delivery,14.0,24.1,58.1,percent,65,higher_is_better,False,-6.9
PHC-009,Bwari PHC,Bwari,2025-10,2025-Q4,FDR,Facility delivery rate,Delivery,18.0,24.1,74.7,percent,65,higher_is_better,True,9.7
PHC-009,Bwari PHC,Bwari,2025-11,2025-Q4,FDR,Facility delivery rate,Delivery,18.0,24.1,74.7,percent,65,higher_is_better,True,9.7
PHC-009,Bwari PHC,Bwari,2025-12,2025-Q4,FDR,Facility delivery rate,Delivery,23.0,24.1,95.4,percent,65,higher_is_better,True,30.4
PHC-009,Bwari PHC,Bwari,2026-01,2026-Q1,FDR,Facility delivery rate,Delivery,20.0,24.1,83.0,percent,65,higher_is_better,True,18.0
PHC-009,Bwari PHC,Bwari,2026-02,2026-Q1,FDR,Facility delivery rate,Delivery,22.0,24.1,91.3,percent,65,higher_is_better,True,26.3
PHC-009,Bwari PHC,Bwari,2026-03,2026-Q1,FDR,Facility delivery rate,Delivery,21.0,24.1,87.1,percent,65,higher_is_better,True,22.1
PHC-009,Bwari PHC,Bwari,2026-04,2026-Q2,FDR,Facility delivery rate,Delivery,19.0,24.1,78.8,percent,65,higher_is_better,True,13.8
PHC-009,Bwari PHC,Bwari,2026-05,2026-Q2,FDR,Facility delivery rate,Delivery,21.0,24.1,87.1,percent,65,higher_is_better,True,22.1
PHC-009,Bwari PHC,Bwari,2026-06,2026-Q2,FDR,Facility delivery rate,Delivery,21.0,24.1,87.1,percent,65,higher_is_better,True,22.1
PHC-010,Ushafa PHC,Bwari,2024-07,2024-Q3,FDR,Facility delivery rate,Delivery,5.0,11.7,42.7,percent,65,higher_is_better,False,-22.3
PHC-010,Ushafa PHC,Bwari,2024-08,2024-Q3,FDR,Facility delivery rate,Delivery,6.0,11.7,51.3,percent,65,higher_is_better,False,-13.7
PHC-010,Ushafa PHC,Bwari,2024-09,2024-Q3,FDR,Facility delivery rate,Delivery,6.0,11.7,51.3,percent,65,higher_is_better,False,-13.7
PHC-010,Ushafa PHC,Bwari,2024-10,2024-Q4,FDR,Facility delivery rate,Delivery,6.0,11.7,51.3,percent,65,higher_is_better,False,-13.7
PHC-010,Ushafa PHC,Bwari,2024-11,2024-Q4,FDR,Facility delivery rate,Delivery,6.0,11.7,51.3,percent,65,higher_is_better,False,-13.7
PHC-010,Ushafa PHC,Bwari,2024-12,2024-Q4,FDR,Facility delivery rate,Delivery,7.0,11.7,59.8,percent,65,higher_is_better,False,-5.2
PHC-010,Ushafa PHC,Bwari,2025-01,2025-Q1,FDR,Facility delivery rate,Delivery,7.0,11.7,59.8,percent,65,higher_is_better,False,-5.2
PHC-010,Ushafa PHC,Bwari,2025-02,2025-Q1,FDR,Facility delivery rate,Delivery,7.0,11.7,59.8,percent,65,higher_is_better,False,-5.2
PHC-010,Ushafa PHC,Bwari,2025-03,2025-Q1,FDR,Facility delivery rate,Delivery,7.0,11.7,59.8,percent,65,higher_is_better,False,-5.2
PHC-010,Ushafa PHC,Bwari,2025-04,2025-Q2,FDR,Facility delivery rate,Delivery,5.0,11.7,42.7,percent,65,higher_is_better,False,-22.3
PHC-010,Ushafa PHC,Bwari,2025-05,2025-Q2,FDR,Facility delivery rate,Delivery,5.0,11.7,42.7,percent,65,higher_is_better,False,-22.3
PHC-010,Ushafa PHC,Bwari,2025-06,2025-Q2,FDR,Facility delivery rate,Delivery,6.0,11.7,51.3,percent,65,higher_is_better,False,-13.7
PHC-010,Ushafa PHC,Bwari,2025-07,2025-Q3,FDR,Facility delivery rate,Delivery,5.0,11.7,42.7,percent,65,higher_is_better,False,-22.3
PHC-010,Ushafa PHC,Bwari,2025-08,2025-Q3,FDR,Facility delivery rate,Delivery,3.0,11.7,25.6,percent,65,higher_is_better,False,-39.4
PHC-010,Ushafa PHC,Bwari,2025-09,2025-Q3,FDR,Facility delivery rate,Delivery,5.0,11.7,42.7,percent,65,higher_is_better,False,-22.3
PHC-010,Ushafa PHC,Bwari,2025-10,2025-Q4,FDR,Facility delivery rate,Delivery,6.0,11.7,51.3,percent,65,higher_is_better,False,-13.7
PHC-010,Ushafa PHC,Bwari,2025-11,2025-Q4,FDR,Facility delivery rate,Delivery,6.0,11.7,51.3,percent,65,higher_is_better,False,-13.7
PHC-010,Ushafa PHC,Bwari,2025-12,2025-Q4,FDR,Facility delivery rate,Delivery,6.0,11.7,51.3,percent,65,higher_is_better,False,-13.7
PHC-010,Ushafa PHC,Bwari,2026-01,2026-Q1,FDR,Facility delivery rate,Delivery,,11.7,,percent,65,higher_is_better,,
PHC-010,Ushafa PHC,Bwari,2026-02,2026-Q1,FDR,Facility delivery rate,Delivery,7.0,11.7,59.8,percent,65,higher_is_better,False,-5.2
PHC-010,Ushafa PHC,Bwari,2026-03,2026-Q1,FDR,Facility delivery rate,Delivery,5.0,11.7,42.7,percent,65,higher_is_better,False,-22.3
PHC-010,Ushafa PHC,Bwari,2026-04,2026-Q2,FDR,Facility delivery rate,Delivery,4.0,11.7,34.2,percent,65,higher_is_better,False,-30.8
PHC-010,Ushafa PHC,Bwari,2026-05,2026-Q2,FDR,Facility delivery rate,Delivery,6.0,11.7,51.3,percent,65,higher_is_better,False,-13.7
PHC-010,Ushafa PHC,Bwari,2026-06,2026-Q2,FDR,Facility delivery rate,Delivery,6.0,11.7,51.3,percent,65,higher_is_better,False,-13.7
PHC-012,Igu PHC,Bwari,2024-07,2024-Q3,FDR,Facility delivery rate,Delivery,3.0,7.8,38.5,percent,65,higher_is_better,False,-26.5
PHC-012,Igu PHC,Bwari,2024-08,2024-Q3,FDR,Facility delivery rate,Delivery,5.0,7.8,64.1,percent,65,higher_is_better,False,-0.9
PHC-012,Igu PHC,Bwari,2024-09,2024-Q3,FDR,Facility delivery rate,Delivery,5.0,7.8,64.1,percent,65,higher_is_better,False,-0.9
PHC-012,Igu PHC,Bwari,2024-10,2024-Q4,FDR,Facility delivery rate,Delivery,5.0,7.8,64.1,percent,65,higher_is_better,False,-0.9
PHC-012,Igu PHC,Bwari,2024-11,2024-Q4,FDR,Facility delivery rate,Delivery,6.0,7.8,76.9,percent,65,higher_is_better,True,11.9
PHC-012,Igu PHC,Bwari,2024-12,2024-Q4,FDR,Facility delivery rate,Delivery,5.0,7.8,64.1,percent,65,higher_is_better,False,-0.9
PHC-012,Igu PHC,Bwari,2025-01,2025-Q1,FDR,Facility delivery rate,Delivery,5.0,7.8,64.1,percent,65,higher_is_better,False,-0.9
PHC-012,Igu PHC,Bwari,2025-02,2025-Q1,FDR,Facility delivery rate,Delivery,5.0,7.8,64.1,percent,65,higher_is_better,False,-0.9
PHC-012,Igu PHC,Bwari,2025-03,2025-Q1,FDR,Facility delivery rate,Delivery,5.0,7.8,64.1,percent,65,higher_is_better,False,-0.9
PHC-012,Igu PHC,Bwari,2025-04,2025-Q2,FDR,Facility delivery rate,Delivery,5.0,7.8,64.1,percent,65,higher_is_better,False,-0.9
PHC-012,Igu PHC,Bwari,2025-05,2025-Q2,FDR,Facility delivery rate,Delivery,4.0,7.8,51.3,percent,65,higher_is_better,False,-13.7
PHC-012,Igu PHC,Bwari,2025-06,2025-Q2,FDR,Facility delivery rate,Delivery,4.0,7.8,51.3,percent,65,higher_is_better,False,-13.7
PHC-012,Igu PHC,Bwari,2025-07,2025-Q3,FDR,Facility delivery rate,Delivery,4.0,7.8,51.3,percent,65,higher_is_better,False,-13.7
PHC-012,Igu PHC,Bwari,2025-08,2025-Q3,FDR,Facility delivery rate,Delivery,4.0,7.8,51.3,percent,65,higher_is_better,False,-13.7
PHC-012,Igu PHC,Bwari,2025-09,2025-Q3,FDR,Facility delivery rate,Delivery,4.0,7.8,51.3,percent,65,higher_is_better,False,-13.7
PHC-012,Igu PHC,Bwari,2025-10,2025-Q4,FDR,Facility delivery rate,Delivery,5.0,7.8,64.1,percent,65,higher_is_better,False,-0.9
PHC-012,Igu PHC,Bwari,2025-11,2025-Q4,FDR,Facility delivery rate,Delivery,6.0,7.8,76.9,percent,65,higher_is_better,True,11.9
PHC-012,Igu PHC,Bwari,2025-12,2025-Q4,FDR,Facility delivery rate,Delivery,4.0,7.8,51.3,percent,65,higher_is_better,False,-13.7
PHC-012,Igu PHC,Bwari,2026-01,2026-Q1,FDR,Facility delivery rate,Delivery,5.0,7.8,64.1,percent,65,higher_is_better,False,-0.9
PHC-012,Igu PHC,Bwari,2026-02,2026-Q1,FDR,Facility delivery rate,Delivery,4.0,7.8,51.3,percent,65,higher_is_better,False,-13.7
PHC-012,Igu PHC,Bwari,2026-03,2026-Q1,FDR,Facility delivery rate,Delivery,6.0,7.8,76.9,percent,65,higher_is_better,True,11.9
PHC-012,Igu PHC,Bwari,2026-04,2026-Q2,FDR,Facility delivery rate,Delivery,5.0,7.8,64.1,percent,65,higher_is_better,False,-0.9
PHC-012,Igu PHC,Bwari,2026-05,2026-Q2,FDR,Facility delivery rate,Delivery,4.0,7.8,51.3,percent,65,higher_is_better,False,-13.7
PHC-012,Igu PHC,Bwari,2026-06,2026-Q2,FDR,Facility delivery rate,Delivery,4.0,7.8,51.3,percent,65,higher_is_better,False,-13.7
CH-007,Kuje Cottage Hospital,Kuje,2024-07,2024-Q3,IMM,Immunisation completion,Child health,34.0,40.5,84.0,percent,80,higher_is_better,True,4.0
CH-007,Kuje Cottage Hospital,Kuje,2024-08,2024-Q3,IMM,Immunisation completion,Child health,27.0,40.5,66.7,percent,80,higher_is_better,False,-13.3
CH-007,Kuje Cottage Hospital,Kuje,2024-09,2024-Q3,IMM,Immunisation completion,Child health,30.0,40.5,74.1,percent,80,higher_is_better,False,-5.9
CH-007,Kuje Cottage Hospital,Kuje,2024-10,2024-Q4,IMM,Immunisation completion,Child health,33.0,40.5,81.5,percent,80,higher_is_better,True,1.5
CH-007,Kuje Cottage Hospital,Kuje,2024-11,2024-Q4,IMM,Immunisation completion,Child health,38.0,40.5,93.8,percent,80,higher_is_better,True,13.8
CH-007,Kuje Cottage Hospital,Kuje,2024-12,2024-Q4,IMM,Immunisation completion,Child health,39.0,40.5,96.3,percent,80,higher_is_better,True,16.3
CH-007,Kuje Cottage Hospital,Kuje,2025-01,2025-Q1,IMM,Immunisation completion,Child health,36.0,40.5,88.9,percent,80,higher_is_better,True,8.9
CH-007,Kuje Cottage Hospital,Kuje,2025-02,2025-Q1,IMM,Immunisation completion,Child health,34.0,40.5,84.0,percent,80,higher_is_better,True,4.0
CH-007,Kuje Cottage Hospital,Kuje,2025-03,2025-Q1,IMM,Immunisation completion,Child health,33.0,40.5,81.5,percent,80,higher_is_better,True,1.5
CH-007,Kuje Cottage Hospital,Kuje,2025-04,2025-Q2,IMM,Immunisation completion,Child health,36.0,40.5,88.9,percent,80,higher_is_better,True,8.9
CH-007,Kuje Cottage Hospital,Kuje,2025-05,2025-Q2,IMM,Immunisation completion,Child health,29.0,40.5,71.6,percent,80,higher_is_better,False,-8.4
CH-007,Kuje Cottage Hospital,Kuje,2025-06,2025-Q2,IMM,Immunisation completion,Child health,30.0,40.5,74.1,percent,80,higher_is_better,False,-5.9
CH-007,Kuje Cottage Hospital,Kuje,2025-07,2025-Q3,IMM,Immunisation completion,Child health,29.0,40.5,71.6,percent,80,higher_is_better,False,-8.4
CH-007,Kuje Cottage Hospital,Kuje,2025-08,2025-Q3,IMM,Immunisation completion,Child health,30.0,40.5,74.1,percent,80,higher_is_better,False,-5.9
CH-007,Kuje Cottage Hospital,Kuje,2025-09,2025-Q3,IMM,Immunisation completion,Child health,34.0,40.5,84.0,percent,80,higher_is_better,True,4.0
CH-007,Kuje Cottage Hospital,Kuje,2025-10,2025-Q4,IMM,Immunisation completion,Child health,41.0,40.5,101.2,percent,80,higher_is_better,True,21.2
CH-007,Kuje Cottage Hospital,Kuje,2025-11,2025-Q4,IMM,Immunisation completion,Child health,34.0,40.5,84.0,percent,80,higher_is_better,True,4.0
CH-007,Kuje Cottage Hospital,Kuje,2025-12,2025-Q4,IMM,Immunisation completion,Child health,31.0,40.5,76.5,percent,80,higher_is_better,False,-3.5
CH-007,Kuje Cottage Hospital,Kuje,2026-01,2026-Q1,IMM,Immunisation completion,Child health,36.0,40.5,88.9,percent,80,higher_is_better,True,8.9
CH-007,Kuje Cottage Hospital,Kuje,2026-02,2026-Q1,IMM,Immunisation completion,Child health,43.0,40.5,106.2,percent,80,higher_is_better,True,26.2
CH-007,Kuje Cottage Hospital,Kuje,2026-03,2026-Q1,IMM,Immunisation completion,Child health,38.0,40.5,93.8,percent,80,higher_is_better,True,13.8
CH-007,Kuje Cottage Hospital,Kuje,2026-04,2026-Q2,IMM,Immunisation completion,Child health,34.0,40.5,84.0,percent,80,higher_is_better,True,4.0
CH-007,Kuje Cottage Hospital,Kuje,2026-05,2026-Q2,IMM,Immunisation completion,Child health,38.0,40.5,93.8,percent,80,higher_is_better,True,13.8
CH-007,Kuje Cottage Hospital,Kuje,2026-06,2026-Q2,IMM,Immunisation completion,Child health,32.0,40.5,79.0,percent,80,higher_is_better,False,-1.0
CH-011,Kubwa Cottage Hospital,Bwari,2024-07,2024-Q3,IMM,Immunisation completion,Child health,44.0,56.1,78.4,percent,80,higher_is_better,False,-1.6
CH-011,Kubwa Cottage Hospital,Bwari,2024-08,2024-Q3,IMM,Immunisation completion,Child health,37.0,56.1,66.0,percent,80,higher_is_better,False,-14.0
CH-011,Kubwa Cottage Hospital,Bwari,2024-09,2024-Q3,IMM,Immunisation completion,Child health,49.0,56.1,87.3,percent,80,higher_is_better,True,7.3
CH-011,Kubwa Cottage Hospital,Bwari,2024-10,2024-Q4,IMM,Immunisation completion,Child health,49.0,56.1,87.3,percent,80,higher_is_better,True,7.3
CH-011,Kubwa Cottage Hospital,Bwari,2024-11,2024-Q4,IMM,Immunisation completion,Child health,45.0,56.1,80.2,percent,80,higher_is_better,True,0.2
CH-011,Kubwa Cottage Hospital,Bwari,2024-12,2024-Q4,IMM,Immunisation completion,Child health,47.0,56.1,83.8,percent,80,higher_is_better,True,3.8
CH-011,Kubwa Cottage Hospital,Bwari,2025-01,2025-Q1,IMM,Immunisation completion,Child health,57.0,56.1,101.6,percent,80,higher_is_better,True,21.6
CH-011,Kubwa Cottage Hospital,Bwari,2025-02,2025-Q1,IMM,Immunisation completion,Child health,49.0,56.1,87.3,percent,80,higher_is_better,True,7.3
CH-011,Kubwa Cottage Hospital,Bwari,2025-03,2025-Q1,IMM,Immunisation completion,Child health,48.0,56.1,85.6,percent,80,higher_is_better,True,5.6
CH-011,Kubwa Cottage Hospital,Bwari,2025-04,2025-Q2,IMM,Immunisation completion,Child health,48.0,56.1,85.6,percent,80,higher_is_better,True,5.6
CH-011,Kubwa Cottage Hospital,Bwari,2025-05,2025-Q2,IMM,Immunisation completion,Child health,40.0,56.1,71.3,percent,80,higher_is_better,False,-8.7
CH-011,Kubwa Cottage Hospital,Bwari,2025-06,2025-Q2,IMM,Immunisation completion,Child health,34.0,56.1,60.6,percent,80,higher_is_better,False,-19.4
CH-011,Kubwa Cottage Hospital,Bwari,2025-07,2025-Q3,IMM,Immunisation completion,Child health,40.0,56.1,71.3,percent,80,higher_is_better,False,-8.7
CH-011,Kubwa Cottage Hospital,Bwari,2025-08,2025-Q3,IMM,Immunisation completion,Child health,36.0,56.1,64.2,percent,80,higher_is_better,False,-15.8
CH-011,Kubwa Cottage Hospital,Bwari,2025-09,2025-Q3,IMM,Immunisation completion,Child health,37.0,56.1,66.0,percent,80,higher_is_better,False,-14.0
CH-011,Kubwa Cottage Hospital,Bwari,2025-10,2025-Q4,IMM,Immunisation completion,Child health,45.0,56.1,80.2,percent,80,higher_is_better,True,0.2
CH-011,Kubwa Cottage Hospital,Bwari,2025-11,2025-Q4,IMM,Immunisation completion,Child health,47.0,56.1,83.8,percent,80,higher_is_better,True,3.8
CH-011,Kubwa Cottage Hospital,Bwari,2025-12,2025-Q4,IMM,Immunisation completion,Child health,45.0,56.1,80.2,percent,80,higher_is_better,True,0.2
CH-011,Kubwa Cottage Hospital,Bwari,2026-01,2026-Q1,IMM,Immunisation completion,Child health,44.0,56.1,78.4,percent,80,higher_is_better,False,-1.6
CH-011,Kubwa Cottage Hospital,Bwari,2026-02,2026-Q1,IMM,Immunisation completion,Child health,58.0,56.1,103.4,percent,80,higher_is_better,True,23.4
CH-011,Kubwa Cottage Hospital,Bwari,2026-03,2026-Q1,IMM,Immunisation completion,Child health,48.0,56.1,85.6,percent,80,higher_is_better,True,5.6
CH-011,Kubwa Cottage Hospital,Bwari,2026-04,2026-Q2,IMM,Immunisation completion,Child health,43.0,56.1,76.6,percent,80,higher_is_better,False,-3.4
CH-011,Kubwa Cottage Hospital,Bwari,2026-05,2026-Q2,IMM,Immunisation completion,Child health,50.0,56.1,89.1,percent,80,higher_is_better,True,9.1
CH-011,Kubwa Cottage Hospital,Bwari,2026-06,2026-Q2,IMM,Immunisation completion,Child health,38.0,56.1,67.7,percent,80,higher_is_better,False,-12.3
GH-004,Gwagwalada General Hosp,Gwagwalada,2024-07,2024-Q3,IMM,Immunisation completion,Child health,55.0,72.0,76.4,percent,80,higher_is_better,False,-3.6
GH-004,Gwagwalada General Hosp,Gwagwalada,2024-08,2024-Q3,IMM,Immunisation completion,Child health,47.0,72.0,65.3,percent,80,higher_is_better,False,-14.7
GH-004,Gwagwalada General Hosp,Gwagwalada,2024-09,2024-Q3,IMM,Immunisation completion,Child health,57.0,72.0,79.2,percent,80,higher_is_better,False,-0.8
GH-004,Gwagwalada General Hosp,Gwagwalada,2024-10,2024-Q4,IMM,Immunisation completion,Child health,56.0,72.0,77.8,percent,80,higher_is_better,False,-2.2
GH-004,Gwagwalada General Hosp,Gwagwalada,2024-11,2024-Q4,IMM,Immunisation completion,Child health,78.0,72.0,108.3,percent,80,higher_is_better,True,28.3
GH-004,Gwagwalada General Hosp,Gwagwalada,2024-12,2024-Q4,IMM,Immunisation completion,Child health,68.0,72.0,94.4,percent,80,higher_is_better,True,14.4
GH-004,Gwagwalada General Hosp,Gwagwalada,2025-01,2025-Q1,IMM,Immunisation completion,Child health,70.0,72.0,97.2,percent,80,higher_is_better,True,17.2
GH-004,Gwagwalada General Hosp,Gwagwalada,2025-02,2025-Q1,IMM,Immunisation completion,Child health,67.0,72.0,93.1,percent,80,higher_is_better,True,13.1
GH-004,Gwagwalada General Hosp,Gwagwalada,2025-03,2025-Q1,IMM,Immunisation completion,Child health,61.0,72.0,84.7,percent,80,higher_is_better,True,4.7
GH-004,Gwagwalada General Hosp,Gwagwalada,2025-04,2025-Q2,IMM,Immunisation completion,Child health,64.0,72.0,88.9,percent,80,higher_is_better,True,8.9
GH-004,Gwagwalada General Hosp,Gwagwalada,2025-05,2025-Q2,IMM,Immunisation completion,Child health,61.0,72.0,84.7,percent,80,higher_is_better,True,4.7
GH-004,Gwagwalada General Hosp,Gwagwalada,2025-06,2025-Q2,IMM,Immunisation completion,Child health,58.0,72.0,80.6,percent,80,higher_is_better,True,0.6
GH-004,Gwagwalada General Hosp,Gwagwalada,2025-07,2025-Q3,IMM,Immunisation completion,Child health,55.0,72.0,76.4,percent,80,higher_is_better,False,-3.6
GH-004,Gwagwalada General Hosp,Gwagwalada,2025-08,2025-Q3,IMM,Immunisation completion,Child health,55.0,72.0,76.4,percent,80,higher_is_better,False,-3.6
GH-004,Gwagwalada General Hosp,Gwagwalada,2025-09,2025-Q3,IMM,Immunisation completion,Child health,51.0,72.0,70.8,percent,80,higher_is_better,False,-9.2
GH-004,Gwagwalada General Hosp,Gwagwalada,2025-10,2025-Q4,IMM,Immunisation completion,Child health,58.0,72.0,80.6,percent,80,higher_is_better,True,0.6
GH-004,Gwagwalada General Hosp,Gwagwalada,2025-11,2025-Q4,IMM,Immunisation completion,Child health,64.0,72.0,88.9,percent,80,higher_is_better,True,8.9
GH-004,Gwagwalada General Hosp,Gwagwalada,2025-12,2025-Q4,IMM,Immunisation completion,Child health,68.0,72.0,94.4,percent,80,higher_is_better,True,14.4
GH-004,Gwagwalada General Hosp,Gwagwalada,2026-01,2026-Q1,IMM,Immunisation completion,Child health,66.0,72.0,91.7,percent,80,higher_is_better,True,11.7
GH-004,Gwagwalada General Hosp,Gwagwalada,2026-02,2026-Q1,IMM,Immunisation completion,Child health,63.0,72.0,87.5,percent,80,higher_is_better,True,7.5
GH-004,Gwagwalada General Hosp,Gwagwalada,2026-03,2026-Q1,IMM,Immunisation completion,Child health,62.0,72.0,86.1,percent,80,higher_is_better,True,6.1
GH-004,Gwagwalada General Hosp,Gwagwalada,2026-04,2026-Q2,IMM,Immunisation completion,Child health,57.0,72.0,79.2,percent,80,higher_is_better,False,-0.8
GH-004,Gwagwalada General Hosp,Gwagwalada,2026-05,2026-Q2,IMM,Immunisation completion,Child health,62.0,72.0,86.1,percent,80,higher_is_better,True,6.1
GH-004,Gwagwalada General Hosp,Gwagwalada,2026-06,2026-Q2,IMM,Immunisation completion,Child health,56.0,72.0,77.8,percent,80,higher_is_better,False,-2.2
PHC-001,Gwagwalada PHC,Gwagwalada,2024-07,2024-Q3,IMM,Immunisation completion,Child health,24.0,29.4,81.6,percent,80,higher_is_better,True,1.6
PHC-001,Gwagwalada PHC,Gwagwalada,2024-08,2024-Q3,IMM,Immunisation completion,Child health,22.0,29.4,74.8,percent,80,higher_is_better,False,-5.2
PHC-001,Gwagwalada PHC,Gwagwalada,2024-09,2024-Q3,IMM,Immunisation completion,Child health,24.0,29.4,81.6,percent,80,higher_is_better,True,1.6
PHC-001,Gwagwalada PHC,Gwagwalada,2024-10,2024-Q4,IMM,Immunisation completion,Child health,23.0,29.4,78.2,percent,80,higher_is_better,False,-1.8
PHC-001,Gwagwalada PHC,Gwagwalada,2024-11,2024-Q4,IMM,Immunisation completion,Child health,29.0,29.4,98.6,percent,80,higher_is_better,True,18.6
PHC-001,Gwagwalada PHC,Gwagwalada,2024-12,2024-Q4,IMM,Immunisation completion,Child health,27.0,29.4,91.8,percent,80,higher_is_better,True,11.8
PHC-001,Gwagwalada PHC,Gwagwalada,2025-01,2025-Q1,IMM,Immunisation completion,Child health,24.0,29.4,81.6,percent,80,higher_is_better,True,1.6
PHC-001,Gwagwalada PHC,Gwagwalada,2025-02,2025-Q1,IMM,Immunisation completion,Child health,26.0,29.4,88.4,percent,80,higher_is_better,True,8.4
PHC-001,Gwagwalada PHC,Gwagwalada,2025-03,2025-Q1,IMM,Immunisation completion,Child health,25.0,29.4,85.0,percent,80,higher_is_better,True,5.0
PHC-001,Gwagwalada PHC,Gwagwalada,2025-04,2025-Q2,IMM,Immunisation completion,Child health,29.0,29.4,98.6,percent,80,higher_is_better,True,18.6
PHC-001,Gwagwalada PHC,Gwagwalada,2025-05,2025-Q2,IMM,Immunisation completion,Child health,21.0,29.4,71.4,percent,80,higher_is_better,False,-8.6
PHC-001,Gwagwalada PHC,Gwagwalada,2025-06,2025-Q2,IMM,Immunisation completion,Child health,24.0,29.4,81.6,percent,80,higher_is_better,True,1.6
PHC-001,Gwagwalada PHC,Gwagwalada,2025-07,2025-Q3,IMM,Immunisation completion,Child health,23.0,29.4,78.2,percent,80,higher_is_better,False,-1.8
PHC-001,Gwagwalada PHC,Gwagwalada,2025-08,2025-Q3,IMM,Immunisation completion,Child health,19.0,29.4,64.6,percent,80,higher_is_better,False,-15.4
PHC-001,Gwagwalada PHC,Gwagwalada,2025-09,2025-Q3,IMM,Immunisation completion,Child health,21.0,29.4,71.4,percent,80,higher_is_better,False,-8.6
PHC-001,Gwagwalada PHC,Gwagwalada,2025-10,2025-Q4,IMM,Immunisation completion,Child health,22.0,29.4,74.8,percent,80,higher_is_better,False,-5.2
PHC-001,Gwagwalada PHC,Gwagwalada,2025-11,2025-Q4,IMM,Immunisation completion,Child health,25.0,29.4,85.0,percent,80,higher_is_better,True,5.0
PHC-001,Gwagwalada PHC,Gwagwalada,2025-12,2025-Q4,IMM,Immunisation completion,Child health,22.0,29.4,74.8,percent,80,higher_is_better,False,-5.2
PHC-001,Gwagwalada PHC,Gwagwalada,2026-01,2026-Q1,IMM,Immunisation completion,Child health,26.0,29.4,88.4,percent,80,higher_is_better,True,8.4
PHC-001,Gwagwalada PHC,Gwagwalada,2026-02,2026-Q1,IMM,Immunisation completion,Child health,31.0,29.4,105.4,percent,80,higher_is_better,True,25.4
PHC-001,Gwagwalada PHC,Gwagwalada,2026-03,2026-Q1,IMM,Immunisation completion,Child health,29.0,29.4,98.6,percent,80,higher_is_better,True,18.6
PHC-001,Gwagwalada PHC,Gwagwalada,2026-04,2026-Q2,IMM,Immunisation completion,Child health,25.0,29.4,85.0,percent,80,higher_is_better,True,5.0
PHC-001,Gwagwalada PHC,Gwagwalada,2026-05,2026-Q2,IMM,Immunisation completion,Child health,24.0,29.4,81.6,percent,80,higher_is_better,True,1.6
PHC-001,Gwagwalada PHC,Gwagwalada,2026-06,2026-Q2,IMM,Immunisation completion,Child health,32.0,29.4,108.8,percent,80,higher_is_better,True,28.8
PHC-002,Dobi PHC,Gwagwalada,2024-07,2024-Q3,IMM,Immunisation completion,Child health,7.0,12.6,55.6,percent,80,higher_is_better,False,-24.4
PHC-002,Dobi PHC,Gwagwalada,2024-08,2024-Q3,IMM,Immunisation completion,Child health,6.0,12.6,47.6,percent,80,higher_is_better,False,-32.4
PHC-002,Dobi PHC,Gwagwalada,2024-09,2024-Q3,IMM,Immunisation completion,Child health,7.0,12.6,55.6,percent,80,higher_is_better,False,-24.4
PHC-002,Dobi PHC,Gwagwalada,2024-10,2024-Q4,IMM,Immunisation completion,Child health,8.0,12.6,63.5,percent,80,higher_is_better,False,-16.5
PHC-002,Dobi PHC,Gwagwalada,2024-11,2024-Q4,IMM,Immunisation completion,Child health,8.0,12.6,63.5,percent,80,higher_is_better,False,-16.5
PHC-002,Dobi PHC,Gwagwalada,2024-12,2024-Q4,IMM,Immunisation completion,Child health,9.0,12.6,71.4,percent,80,higher_is_better,False,-8.6
PHC-002,Dobi PHC,Gwagwalada,2025-01,2025-Q1,IMM,Immunisation completion,Child health,8.0,12.6,63.5,percent,80,higher_is_better,False,-16.5
PHC-002,Dobi PHC,Gwagwalada,2025-02,2025-Q1,IMM,Immunisation completion,Child health,8.0,12.6,63.5,percent,80,higher_is_better,False,-16.5
PHC-002,Dobi PHC,Gwagwalada,2025-03,2025-Q1,IMM,Immunisation completion,Child health,7.0,12.6,55.6,percent,80,higher_is_better,False,-24.4
PHC-002,Dobi PHC,Gwagwalada,2025-04,2025-Q2,IMM,Immunisation completion,Child health,6.0,12.6,47.6,percent,80,higher_is_better,False,-32.4
PHC-002,Dobi PHC,Gwagwalada,2025-05,2025-Q2,IMM,Immunisation completion,Child health,6.0,12.6,47.6,percent,80,higher_is_better,False,-32.4
PHC-002,Dobi PHC,Gwagwalada,2025-06,2025-Q2,IMM,Immunisation completion,Child health,7.0,12.6,55.6,percent,80,higher_is_better,False,-24.4
PHC-002,Dobi PHC,Gwagwalada,2025-07,2025-Q3,IMM,Immunisation completion,Child health,6.0,12.6,47.6,percent,80,higher_is_better,False,-32.4
PHC-002,Dobi PHC,Gwagwalada,2025-08,2025-Q3,IMM,Immunisation completion,Child health,7.0,12.6,55.6,percent,80,higher_is_better,False,-24.4
PHC-002,Dobi PHC,Gwagwalada,2025-09,2025-Q3,IMM,Immunisation completion,Child health,7.0,12.6,55.6,percent,80,higher_is_better,False,-24.4
PHC-002,Dobi PHC,Gwagwalada,2025-10,2025-Q4,IMM,Immunisation completion,Child health,6.0,12.6,47.6,percent,80,higher_is_better,False,-32.4
PHC-002,Dobi PHC,Gwagwalada,2025-11,2025-Q4,IMM,Immunisation completion,Child health,8.0,12.6,63.5,percent,80,higher_is_better,False,-16.5
PHC-002,Dobi PHC,Gwagwalada,2025-12,2025-Q4,IMM,Immunisation completion,Child health,8.0,12.6,63.5,percent,80,higher_is_better,False,-16.5
PHC-002,Dobi PHC,Gwagwalada,2026-01,2026-Q1,IMM,Immunisation completion,Child health,8.0,12.6,63.5,percent,80,higher_is_better,False,-16.5
PHC-002,Dobi PHC,Gwagwalada,2026-02,2026-Q1,IMM,Immunisation completion,Child health,8.0,12.6,63.5,percent,80,higher_is_better,False,-16.5
PHC-002,Dobi PHC,Gwagwalada,2026-03,2026-Q1,IMM,Immunisation completion,Child health,7.0,12.6,55.6,percent,80,higher_is_better,False,-24.4
PHC-002,Dobi PHC,Gwagwalada,2026-04,2026-Q2,IMM,Immunisation completion,Child health,8.0,12.6,63.5,percent,80,higher_is_better,False,-16.5
PHC-002,Dobi PHC,Gwagwalada,2026-05,2026-Q2,IMM,Immunisation completion,Child health,6.0,12.6,47.6,percent,80,higher_is_better,False,-32.4
PHC-002,Dobi PHC,Gwagwalada,2026-06,2026-Q2,IMM,Immunisation completion,Child health,6.0,12.6,47.6,percent,80,higher_is_better,False,-32.4
PHC-003,Zuba PHC,Gwagwalada,2024-07,2024-Q3,IMM,Immunisation completion,Child health,16.0,19.5,82.1,percent,80,higher_is_better,True,2.1
PHC-003,Zuba PHC,Gwagwalada,2024-08,2024-Q3,IMM,Immunisation completion,Child health,13.0,19.5,66.7,percent,80,higher_is_better,False,-13.3
PHC-003,Zuba PHC,Gwagwalada,2024-09,2024-Q3,IMM,Immunisation completion,Child health,14.0,19.5,71.8,percent,80,higher_is_better,False,-8.2
PHC-003,Zuba PHC,Gwagwalada,2024-10,2024-Q4,IMM,Immunisation completion,Child health,15.0,19.5,76.9,percent,80,higher_is_better,False,-3.1
PHC-003,Zuba PHC,Gwagwalada,2024-11,2024-Q4,IMM,Immunisation completion,Child health,16.0,19.5,82.1,percent,80,higher_is_better,True,2.1
PHC-003,Zuba PHC,Gwagwalada,2024-12,2024-Q4,IMM,Immunisation completion,Child health,19.0,19.5,97.4,percent,80,higher_is_better,True,17.4
PHC-003,Zuba PHC,Gwagwalada,2025-01,2025-Q1,IMM,Immunisation completion,Child health,16.0,19.5,82.1,percent,80,higher_is_better,True,2.1
PHC-003,Zuba PHC,Gwagwalada,2025-02,2025-Q1,IMM,Immunisation completion,Child health,17.0,19.5,87.2,percent,80,higher_is_better,True,7.2
PHC-003,Zuba PHC,Gwagwalada,2025-03,2025-Q1,IMM,Immunisation completion,Child health,19.0,19.5,97.4,percent,80,higher_is_better,True,17.4
PHC-003,Zuba PHC,Gwagwalada,2025-04,2025-Q2,IMM,Immunisation completion,Child health,17.0,19.5,87.2,percent,80,higher_is_better,True,7.2
PHC-003,Zuba PHC,Gwagwalada,2025-05,2025-Q2,IMM,Immunisation completion,Child health,17.0,19.5,87.2,percent,80,higher_is_better,True,7.2
PHC-003,Zuba PHC,Gwagwalada,2025-06,2025-Q2,IMM,Immunisation completion,Child health,14.0,19.5,71.8,percent,80,higher_is_better,False,-8.2
PHC-003,Zuba PHC,Gwagwalada,2025-07,2025-Q3,IMM,Immunisation completion,Child health,16.0,19.5,82.1,percent,80,higher_is_better,True,2.1
PHC-003,Zuba PHC,Gwagwalada,2025-08,2025-Q3,IMM,Immunisation completion,Child health,17.0,19.5,87.2,percent,80,higher_is_better,True,7.2
PHC-003,Zuba PHC,Gwagwalada,2025-09,2025-Q3,IMM,Immunisation completion,Child health,16.0,19.5,82.1,percent,80,higher_is_better,True,2.1
PHC-003,Zuba PHC,Gwagwalada,2025-10,2025-Q4,IMM,Immunisation completion,Child health,15.0,19.5,76.9,percent,80,higher_is_better,False,-3.1
PHC-003,Zuba PHC,Gwagwalada,2025-11,2025-Q4,IMM,Immunisation completion,Child health,17.0,19.5,87.2,percent,80,higher_is_better,True,7.2
PHC-003,Zuba PHC,Gwagwalada,2025-12,2025-Q4,IMM,Immunisation completion,Child health,19.0,19.5,97.4,percent,80,higher_is_better,True,17.4
PHC-003,Zuba PHC,Gwagwalada,2026-01,2026-Q1,IMM,Immunisation completion,Child health,18.0,19.5,92.3,percent,80,higher_is_better,True,12.3
PHC-003,Zuba PHC,Gwagwalada,2026-02,2026-Q1,IMM,Immunisation completion,Child health,18.0,19.5,92.3,percent,80,higher_is_better,True,12.3
PHC-003,Zuba PHC,Gwagwalada,2026-03,2026-Q1,IMM,Immunisation completion,Child health,17.0,19.5,87.2,percent,80,higher_is_better,True,7.2
PHC-003,Zuba PHC,Gwagwalada,2026-04,2026-Q2,IMM,Immunisation completion,Child health,21.0,19.5,107.7,percent,80,higher_is_better,True,27.7
PHC-003,Zuba PHC,Gwagwalada,2026-05,2026-Q2,IMM,Immunisation completion,Child health,13.0,19.5,66.7,percent,80,higher_is_better,False,-13.3
PHC-003,Zuba PHC,Gwagwalada,2026-06,2026-Q2,IMM,Immunisation completion,Child health,15.0,19.5,76.9,percent,80,higher_is_better,False,-3.1
PHC-005,Kuje PHC,Kuje,2024-07,2024-Q3,IMM,Immunisation completion,Child health,9.0,15.3,58.8,percent,80,higher_is_better,False,-21.2
PHC-005,Kuje PHC,Kuje,2024-08,2024-Q3,IMM,Immunisation completion,Child health,7.0,15.3,45.8,percent,80,higher_is_better,False,-34.2
PHC-005,Kuje PHC,Kuje,2024-09,2024-Q3,IMM,Immunisation completion,Child health,9.0,15.3,58.8,percent,80,higher_is_better,False,-21.2
PHC-005,Kuje PHC,Kuje,2024-10,2024-Q4,IMM,Immunisation completion,Child health,10.0,15.3,65.4,percent,80,higher_is_better,False,-14.6
PHC-005,Kuje PHC,Kuje,2024-11,2024-Q4,IMM,Immunisation completion,Child health,8.0,15.3,52.3,percent,80,higher_is_better,False,-27.7
PHC-005,Kuje PHC,Kuje,2024-12,2024-Q4,IMM,Immunisation completion,Child health,11.0,15.3,71.9,percent,80,higher_is_better,False,-8.1
PHC-005,Kuje PHC,Kuje,2025-01,2025-Q1,IMM,Immunisation completion,Child health,11.0,15.3,71.9,percent,80,higher_is_better,False,-8.1
PHC-005,Kuje PHC,Kuje,2025-02,2025-Q1,IMM,Immunisation completion,Child health,10.0,15.3,65.4,percent,80,higher_is_better,False,-14.6
PHC-005,Kuje PHC,Kuje,2025-03,2025-Q1,IMM,Immunisation completion,Child health,9.0,15.3,58.8,percent,80,higher_is_better,False,-21.2
PHC-005,Kuje PHC,Kuje,2025-04,2025-Q2,IMM,Immunisation completion,Child health,9.0,15.3,58.8,percent,80,higher_is_better,False,-21.2
PHC-005,Kuje PHC,Kuje,2025-05,2025-Q2,IMM,Immunisation completion,Child health,12.0,15.3,78.4,percent,80,higher_is_better,False,-1.6
PHC-005,Kuje PHC,Kuje,2025-06,2025-Q2,IMM,Immunisation completion,Child health,10.0,15.3,65.4,percent,80,higher_is_better,False,-14.6
PHC-005,Kuje PHC,Kuje,2025-07,2025-Q3,IMM,Immunisation completion,Child health,9.0,15.3,58.8,percent,80,higher_is_better,False,-21.2
PHC-005,Kuje PHC,Kuje,2025-08,2025-Q3,IMM,Immunisation completion,Child health,,15.3,,percent,80,higher_is_better,,
PHC-005,Kuje PHC,Kuje,2025-09,2025-Q3,IMM,Immunisation completion,Child health,8.0,15.3,52.3,percent,80,higher_is_better,False,-27.7
PHC-005,Kuje PHC,Kuje,2025-10,2025-Q4,IMM,Immunisation completion,Child health,9.0,15.3,58.8,percent,80,higher_is_better,False,-21.2
PHC-005,Kuje PHC,Kuje,2025-11,2025-Q4,IMM,Immunisation completion,Child health,11.0,15.3,71.9,percent,80,higher_is_better,False,-8.1
PHC-005,Kuje PHC,Kuje,2025-12,2025-Q4,IMM,Immunisation completion,Child health,10.0,15.3,65.4,percent,80,higher_is_better,False,-14.6
PHC-005,Kuje PHC,Kuje,2026-01,2026-Q1,IMM,Immunisation completion,Child health,9.0,15.3,58.8,percent,80,higher_is_better,False,-21.2
PHC-005,Kuje PHC,Kuje,2026-02,2026-Q1,IMM,Immunisation completion,Child health,10.0,15.3,65.4,percent,80,higher_is_better,False,-14.6
PHC-005,Kuje PHC,Kuje,2026-03,2026-Q1,IMM,Immunisation completion,Child health,10.0,15.3,65.4,percent,80,higher_is_better,False,-14.6
PHC-005,Kuje PHC,Kuje,2026-04,2026-Q2,IMM,Immunisation completion,Child health,8.0,15.3,52.3,percent,80,higher_is_better,False,-27.7
PHC-005,Kuje PHC,Kuje,2026-05,2026-Q2,IMM,Immunisation completion,Child health,11.0,15.3,71.9,percent,80,higher_is_better,False,-8.1
PHC-005,Kuje PHC,Kuje,2026-06,2026-Q2,IMM,Immunisation completion,Child health,9.0,15.3,58.8,percent,80,higher_is_better,False,-21.2
PHC-006,Gaube PHC,Kuje,2024-07,2024-Q3,IMM,Immunisation completion,Child health,6.0,9.3,64.5,percent,80,higher_is_better,False,-15.5
PHC-006,Gaube PHC,Kuje,2024-08,2024-Q3,IMM,Immunisation completion,Child health,6.0,9.3,64.5,percent,80,higher_is_better,False,-15.5
PHC-006,Gaube PHC,Kuje,2024-09,2024-Q3,IMM,Immunisation completion,Child health,4.0,9.3,43.0,percent,80,higher_is_better,False,-37.0
PHC-006,Gaube PHC,Kuje,2024-10,2024-Q4,IMM,Immunisation completion,Child health,5.0,9.3,53.8,percent,80,higher_is_better,False,-26.2
PHC-006,Gaube PHC,Kuje,2024-11,2024-Q4,IMM,Immunisation completion,Child health,6.0,9.3,64.5,percent,80,higher_is_better,False,-15.5
PHC-006,Gaube PHC,Kuje,2024-12,2024-Q4,IMM,Immunisation completion,Child health,6.0,9.3,64.5,percent,80,higher_is_better,False,-15.5
PHC-006,Gaube PHC,Kuje,2025-01,2025-Q1,IMM,Immunisation completion,Child health,5.0,9.3,53.8,percent,80,higher_is_better,False,-26.2
PHC-006,Gaube PHC,Kuje,2025-02,2025-Q1,IMM,Immunisation completion,Child health,6.0,9.3,64.5,percent,80,higher_is_better,False,-15.5
PHC-006,Gaube PHC,Kuje,2025-03,2025-Q1,IMM,Immunisation completion,Child health,5.0,9.3,53.8,percent,80,higher_is_better,False,-26.2
PHC-006,Gaube PHC,Kuje,2025-04,2025-Q2,IMM,Immunisation completion,Child health,6.0,9.3,64.5,percent,80,higher_is_better,False,-15.5
PHC-006,Gaube PHC,Kuje,2025-05,2025-Q2,IMM,Immunisation completion,Child health,5.0,9.3,53.8,percent,80,higher_is_better,False,-26.2
PHC-006,Gaube PHC,Kuje,2025-06,2025-Q2,IMM,Immunisation completion,Child health,5.0,9.3,53.8,percent,80,higher_is_better,False,-26.2
PHC-006,Gaube PHC,Kuje,2025-07,2025-Q3,IMM,Immunisation completion,Child health,5.0,9.3,53.8,percent,80,higher_is_better,False,-26.2
PHC-006,Gaube PHC,Kuje,2025-08,2025-Q3,IMM,Immunisation completion,Child health,5.0,9.3,53.8,percent,80,higher_is_better,False,-26.2
PHC-006,Gaube PHC,Kuje,2025-09,2025-Q3,IMM,Immunisation completion,Child health,6.0,9.3,64.5,percent,80,higher_is_better,False,-15.5
PHC-006,Gaube PHC,Kuje,2025-10,2025-Q4,IMM,Immunisation completion,Child health,6.0,9.3,64.5,percent,80,higher_is_better,False,-15.5
PHC-006,Gaube PHC,Kuje,2025-11,2025-Q4,IMM,Immunisation completion,Child health,6.0,9.3,64.5,percent,80,higher_is_better,False,-15.5
PHC-006,Gaube PHC,Kuje,2025-12,2025-Q4,IMM,Immunisation completion,Child health,5.0,9.3,53.8,percent,80,higher_is_better,False,-26.2
PHC-006,Gaube PHC,Kuje,2026-01,2026-Q1,IMM,Immunisation completion,Child health,6.0,9.3,64.5,percent,80,higher_is_better,False,-15.5
PHC-006,Gaube PHC,Kuje,2026-02,2026-Q1,IMM,Immunisation completion,Child health,6.0,9.3,64.5,percent,80,higher_is_better,False,-15.5
PHC-006,Gaube PHC,Kuje,2026-03,2026-Q1,IMM,Immunisation completion,Child health,6.0,9.3,64.5,percent,80,higher_is_better,False,-15.5
PHC-006,Gaube PHC,Kuje,2026-04,2026-Q2,IMM,Immunisation completion,Child health,5.0,9.3,53.8,percent,80,higher_is_better,False,-26.2
PHC-006,Gaube PHC,Kuje,2026-05,2026-Q2,IMM,Immunisation completion,Child health,5.0,9.3,53.8,percent,80,higher_is_better,False,-26.2
PHC-006,Gaube PHC,Kuje,2026-06,2026-Q2,IMM,Immunisation completion,Child health,4.0,9.3,43.0,percent,80,higher_is_better,False,-37.0
PHC-008,Rubochi PHC,Kuje,2024-07,2024-Q3,IMM,Immunisation completion,Child health,7.0,8.7,80.5,percent,80,higher_is_better,True,0.5
PHC-008,Rubochi PHC,Kuje,2024-08,2024-Q3,IMM,Immunisation completion,Child health,6.0,8.7,69.0,percent,80,higher_is_better,False,-11.0
PHC-008,Rubochi PHC,Kuje,2024-09,2024-Q3,IMM,Immunisation completion,Child health,6.0,8.7,69.0,percent,80,higher_is_better,False,-11.0
PHC-008,Rubochi PHC,Kuje,2024-10,2024-Q4,IMM,Immunisation completion,Child health,6.0,8.7,69.0,percent,80,higher_is_better,False,-11.0
PHC-008,Rubochi PHC,Kuje,2024-11,2024-Q4,IMM,Immunisation completion,Child health,9.0,8.7,103.4,percent,80,higher_is_better,True,23.4
PHC-008,Rubochi PHC,Kuje,2024-12,2024-Q4,IMM,Immunisation completion,Child health,7.0,8.7,80.5,percent,80,higher_is_better,True,0.5
PHC-008,Rubochi PHC,Kuje,2025-01,2025-Q1,IMM,Immunisation completion,Child health,8.0,8.7,92.0,percent,80,higher_is_better,True,12.0
PHC-008,Rubochi PHC,Kuje,2025-02,2025-Q1,IMM,Immunisation completion,Child health,7.0,8.7,80.5,percent,80,higher_is_better,True,0.5
PHC-008,Rubochi PHC,Kuje,2025-03,2025-Q1,IMM,Immunisation completion,Child health,7.0,8.7,80.5,percent,80,higher_is_better,True,0.5
PHC-008,Rubochi PHC,Kuje,2025-04,2025-Q2,IMM,Immunisation completion,Child health,9.0,8.7,103.4,percent,80,higher_is_better,True,23.4
PHC-008,Rubochi PHC,Kuje,2025-05,2025-Q2,IMM,Immunisation completion,Child health,8.0,8.7,92.0,percent,80,higher_is_better,True,12.0
PHC-008,Rubochi PHC,Kuje,2025-06,2025-Q2,IMM,Immunisation completion,Child health,6.0,8.7,69.0,percent,80,higher_is_better,False,-11.0
PHC-008,Rubochi PHC,Kuje,2025-07,2025-Q3,IMM,Immunisation completion,Child health,6.0,8.7,69.0,percent,80,higher_is_better,False,-11.0
PHC-008,Rubochi PHC,Kuje,2025-08,2025-Q3,IMM,Immunisation completion,Child health,5.0,8.7,57.5,percent,80,higher_is_better,False,-22.5
PHC-008,Rubochi PHC,Kuje,2025-09,2025-Q3,IMM,Immunisation completion,Child health,7.0,8.7,80.5,percent,80,higher_is_better,True,0.5
PHC-008,Rubochi PHC,Kuje,2025-10,2025-Q4,IMM,Immunisation completion,Child health,8.0,8.7,92.0,percent,80,higher_is_better,True,12.0
PHC-008,Rubochi PHC,Kuje,2025-11,2025-Q4,IMM,Immunisation completion,Child health,8.0,8.7,92.0,percent,80,higher_is_better,True,12.0
PHC-008,Rubochi PHC,Kuje,2025-12,2025-Q4,IMM,Immunisation completion,Child health,8.0,8.7,92.0,percent,80,higher_is_better,True,12.0
PHC-008,Rubochi PHC,Kuje,2026-01,2026-Q1,IMM,Immunisation completion,Child health,8.0,8.7,92.0,percent,80,higher_is_better,True,12.0
PHC-008,Rubochi PHC,Kuje,2026-02,2026-Q1,IMM,Immunisation completion,Child health,8.0,8.7,92.0,percent,80,higher_is_better,True,12.0
PHC-008,Rubochi PHC,Kuje,2026-03,2026-Q1,IMM,Immunisation completion,Child health,8.0,8.7,92.0,percent,80,higher_is_better,True,12.0
PHC-008,Rubochi PHC,Kuje,2026-04,2026-Q2,IMM,Immunisation completion,Child health,7.0,8.7,80.5,percent,80,higher_is_better,True,0.5
PHC-008,Rubochi PHC,Kuje,2026-05,2026-Q2,IMM,Immunisation completion,Child health,7.0,8.7,80.5,percent,80,higher_is_better,True,0.5
PHC-008,Rubochi PHC,Kuje,2026-06,2026-Q2,IMM,Immunisation completion,Child health,6.0,8.7,69.0,percent,80,higher_is_better,False,-11.0
PHC-009,Bwari PHC,Bwari,2024-07,2024-Q3,IMM,Immunisation completion,Child health,19.0,22.2,85.6,percent,80,higher_is_better,True,5.6
PHC-009,Bwari PHC,Bwari,2024-08,2024-Q3,IMM,Immunisation completion,Child health,14.0,22.2,63.1,percent,80,higher_is_better,False,-16.9
PHC-009,Bwari PHC,Bwari,2024-09,2024-Q3,IMM,Immunisation completion,Child health,21.0,22.2,94.6,percent,80,higher_is_better,True,14.6
PHC-009,Bwari PHC,Bwari,2024-10,2024-Q4,IMM,Immunisation completion,Child health,17.0,22.2,76.6,percent,80,higher_is_better,False,-3.4
PHC-009,Bwari PHC,Bwari,2024-11,2024-Q4,IMM,Immunisation completion,Child health,20.0,22.2,90.1,percent,80,higher_is_better,True,10.1
PHC-009,Bwari PHC,Bwari,2024-12,2024-Q4,IMM,Immunisation completion,Child health,21.0,22.2,94.6,percent,80,higher_is_better,True,14.6
PHC-009,Bwari PHC,Bwari,2025-01,2025-Q1,IMM,Immunisation completion,Child health,20.0,22.2,90.1,percent,80,higher_is_better,True,10.1
PHC-009,Bwari PHC,Bwari,2025-02,2025-Q1,IMM,Immunisation completion,Child health,22.0,22.2,99.1,percent,80,higher_is_better,True,19.1
PHC-009,Bwari PHC,Bwari,2025-03,2025-Q1,IMM,Immunisation completion,Child health,17.0,22.2,76.6,percent,80,higher_is_better,False,-3.4
PHC-009,Bwari PHC,Bwari,2025-04,2025-Q2,IMM,Immunisation completion,Child health,21.0,22.2,94.6,percent,80,higher_is_better,True,14.6
PHC-009,Bwari PHC,Bwari,2025-05,2025-Q2,IMM,Immunisation completion,Child health,20.0,22.2,90.1,percent,80,higher_is_better,True,10.1
PHC-009,Bwari PHC,Bwari,2025-06,2025-Q2,IMM,Immunisation completion,Child health,17.0,22.2,76.6,percent,80,higher_is_better,False,-3.4
PHC-009,Bwari PHC,Bwari,2025-07,2025-Q3,IMM,Immunisation completion,Child health,18.0,22.2,81.1,percent,80,higher_is_better,True,1.1
PHC-009,Bwari PHC,Bwari,2025-08,2025-Q3,IMM,Immunisation completion,Child health,15.0,22.2,67.6,percent,80,higher_is_better,False,-12.4
PHC-009,Bwari PHC,Bwari,2025-09,2025-Q3,IMM,Immunisation completion,Child health,18.0,22.2,81.1,percent,80,higher_is_better,True,1.1
PHC-009,Bwari PHC,Bwari,2025-10,2025-Q4,IMM,Immunisation completion,Child health,17.0,22.2,76.6,percent,80,higher_is_better,False,-3.4
PHC-009,Bwari PHC,Bwari,2025-11,2025-Q4,IMM,Immunisation completion,Child health,24.0,22.2,108.1,percent,80,higher_is_better,True,28.1
PHC-009,Bwari PHC,Bwari,2025-12,2025-Q4,IMM,Immunisation completion,Child health,25.0,22.2,112.6,percent,80,higher_is_better,True,32.6
PHC-009,Bwari PHC,Bwari,2026-01,2026-Q1,IMM,Immunisation completion,Child health,20.0,22.2,90.1,percent,80,higher_is_better,True,10.1
PHC-009,Bwari PHC,Bwari,2026-02,2026-Q1,IMM,Immunisation completion,Child health,25.0,22.2,112.6,percent,80,higher_is_better,True,32.6
PHC-009,Bwari PHC,Bwari,2026-03,2026-Q1,IMM,Immunisation completion,Child health,17.0,22.2,76.6,percent,80,higher_is_better,False,-3.4
PHC-009,Bwari PHC,Bwari,2026-04,2026-Q2,IMM,Immunisation completion,Child health,17.0,22.2,76.6,percent,80,higher_is_better,False,-3.4
PHC-009,Bwari PHC,Bwari,2026-05,2026-Q2,IMM,Immunisation completion,Child health,20.0,22.2,90.1,percent,80,higher_is_better,True,10.1
PHC-009,Bwari PHC,Bwari,2026-06,2026-Q2,IMM,Immunisation completion,Child health,16.0,22.2,72.1,percent,80,higher_is_better,False,-7.9
PHC-010,Ushafa PHC,Bwari,2024-07,2024-Q3,IMM,Immunisation completion,Child health,7.0,10.8,64.8,percent,80,higher_is_better,False,-15.2
PHC-010,Ushafa PHC,Bwari,2024-08,2024-Q3,IMM,Immunisation completion,Child health,6.0,10.8,55.6,percent,80,higher_is_better,False,-24.4
PHC-010,Ushafa PHC,Bwari,2024-09,2024-Q3,IMM,Immunisation completion,Child health,7.0,10.8,64.8,percent,80,higher_is_better,False,-15.2
PHC-010,Ushafa PHC,Bwari,2024-10,2024-Q4,IMM,Immunisation completion,Child health,8.0,10.8,74.1,percent,80,higher_is_better,False,-5.9
PHC-010,Ushafa PHC,Bwari,2024-11,2024-Q4,IMM,Immunisation completion,Child health,7.0,10.8,64.8,percent,80,higher_is_better,False,-15.2
PHC-010,Ushafa PHC,Bwari,2024-12,2024-Q4,IMM,Immunisation completion,Child health,8.0,10.8,74.1,percent,80,higher_is_better,False,-5.9
PHC-010,Ushafa PHC,Bwari,2025-01,2025-Q1,IMM,Immunisation completion,Child health,8.0,10.8,74.1,percent,80,higher_is_better,False,-5.9
PHC-010,Ushafa PHC,Bwari,2025-02,2025-Q1,IMM,Immunisation completion,Child health,7.0,10.8,64.8,percent,80,higher_is_better,False,-15.2
PHC-010,Ushafa PHC,Bwari,2025-03,2025-Q1,IMM,Immunisation completion,Child health,6.0,10.8,55.6,percent,80,higher_is_better,False,-24.4
PHC-010,Ushafa PHC,Bwari,2025-04,2025-Q2,IMM,Immunisation completion,Child health,8.0,10.8,74.1,percent,80,higher_is_better,False,-5.9
PHC-010,Ushafa PHC,Bwari,2025-05,2025-Q2,IMM,Immunisation completion,Child health,7.0,10.8,64.8,percent,80,higher_is_better,False,-15.2
PHC-010,Ushafa PHC,Bwari,2025-06,2025-Q2,IMM,Immunisation completion,Child health,6.0,10.8,55.6,percent,80,higher_is_better,False,-24.4
PHC-010,Ushafa PHC,Bwari,2025-07,2025-Q3,IMM,Immunisation completion,Child health,6.0,10.8,55.6,percent,80,higher_is_better,False,-24.4
PHC-010,Ushafa PHC,Bwari,2025-08,2025-Q3,IMM,Immunisation completion,Child health,7.0,10.8,64.8,percent,80,higher_is_better,False,-15.2
PHC-010,Ushafa PHC,Bwari,2025-09,2025-Q3,IMM,Immunisation completion,Child health,7.0,10.8,64.8,percent,80,higher_is_better,False,-15.2
PHC-010,Ushafa PHC,Bwari,2025-10,2025-Q4,IMM,Immunisation completion,Child health,6.0,10.8,55.6,percent,80,higher_is_better,False,-24.4
PHC-010,Ushafa PHC,Bwari,2025-11,2025-Q4,IMM,Immunisation completion,Child health,6.0,10.8,55.6,percent,80,higher_is_better,False,-24.4
PHC-010,Ushafa PHC,Bwari,2025-12,2025-Q4,IMM,Immunisation completion,Child health,7.0,10.8,64.8,percent,80,higher_is_better,False,-15.2
PHC-010,Ushafa PHC,Bwari,2026-01,2026-Q1,IMM,Immunisation completion,Child health,,10.8,,percent,80,higher_is_better,,
PHC-010,Ushafa PHC,Bwari,2026-02,2026-Q1,IMM,Immunisation completion,Child health,8.0,10.8,74.1,percent,80,higher_is_better,False,-5.9
PHC-010,Ushafa PHC,Bwari,2026-03,2026-Q1,IMM,Immunisation completion,Child health,7.0,10.8,64.8,percent,80,higher_is_better,False,-15.2
PHC-010,Ushafa PHC,Bwari,2026-04,2026-Q2,IMM,Immunisation completion,Child health,6.0,10.8,55.6,percent,80,higher_is_better,False,-24.4
PHC-010,Ushafa PHC,Bwari,2026-05,2026-Q2,IMM,Immunisation completion,Child health,8.0,10.8,74.1,percent,80,higher_is_better,False,-5.9
PHC-010,Ushafa PHC,Bwari,2026-06,2026-Q2,IMM,Immunisation completion,Child health,6.0,10.8,55.6,percent,80,higher_is_better,False,-24.4
PHC-012,Igu PHC,Bwari,2024-07,2024-Q3,IMM,Immunisation completion,Child health,4.0,7.2,55.6,percent,80,higher_is_better,False,-24.4
PHC-012,Igu PHC,Bwari,2024-08,2024-Q3,IMM,Immunisation completion,Child health,4.0,7.2,55.6,percent,80,higher_is_better,False,-24.4
PHC-012,Igu PHC,Bwari,2024-09,2024-Q3,IMM,Immunisation completion,Child health,4.0,7.2,55.6,percent,80,higher_is_better,False,-24.4
PHC-012,Igu PHC,Bwari,2024-10,2024-Q4,IMM,Immunisation completion,Child health,4.0,7.2,55.6,percent,80,higher_is_better,False,-24.4
PHC-012,Igu PHC,Bwari,2024-11,2024-Q4,IMM,Immunisation completion,Child health,5.0,7.2,69.4,percent,80,higher_is_better,False,-10.6
PHC-012,Igu PHC,Bwari,2024-12,2024-Q4,IMM,Immunisation completion,Child health,5.0,7.2,69.4,percent,80,higher_is_better,False,-10.6
PHC-012,Igu PHC,Bwari,2025-01,2025-Q1,IMM,Immunisation completion,Child health,6.0,7.2,83.3,percent,80,higher_is_better,True,3.3
PHC-012,Igu PHC,Bwari,2025-02,2025-Q1,IMM,Immunisation completion,Child health,5.0,7.2,69.4,percent,80,higher_is_better,False,-10.6
PHC-012,Igu PHC,Bwari,2025-03,2025-Q1,IMM,Immunisation completion,Child health,5.0,7.2,69.4,percent,80,higher_is_better,False,-10.6
PHC-012,Igu PHC,Bwari,2025-04,2025-Q2,IMM,Immunisation completion,Child health,6.0,7.2,83.3,percent,80,higher_is_better,True,3.3
PHC-012,Igu PHC,Bwari,2025-05,2025-Q2,IMM,Immunisation completion,Child health,4.0,7.2,55.6,percent,80,higher_is_better,False,-24.4
PHC-012,Igu PHC,Bwari,2025-06,2025-Q2,IMM,Immunisation completion,Child health,4.0,7.2,55.6,percent,80,higher_is_better,False,-24.4
PHC-012,Igu PHC,Bwari,2025-07,2025-Q3,IMM,Immunisation completion,Child health,4.0,7.2,55.6,percent,80,higher_is_better,False,-24.4
PHC-012,Igu PHC,Bwari,2025-08,2025-Q3,IMM,Immunisation completion,Child health,4.0,7.2,55.6,percent,80,higher_is_better,False,-24.4
PHC-012,Igu PHC,Bwari,2025-09,2025-Q3,IMM,Immunisation completion,Child health,4.0,7.2,55.6,percent,80,higher_is_better,False,-24.4
PHC-012,Igu PHC,Bwari,2025-10,2025-Q4,IMM,Immunisation completion,Child health,5.0,7.2,69.4,percent,80,higher_is_better,False,-10.6
PHC-012,Igu PHC,Bwari,2025-11,2025-Q4,IMM,Immunisation completion,Child health,4.0,7.2,55.6,percent,80,higher_is_better,False,-24.4
PHC-012,Igu PHC,Bwari,2025-12,2025-Q4,IMM,Immunisation completion,Child health,5.0,7.2,69.4,percent,80,higher_is_better,False,-10.6
PHC-012,Igu PHC,Bwari,2026-01,2026-Q1,IMM,Immunisation completion,Child health,5.0,7.2,69.4,percent,80,higher_is_better,False,-10.6
PHC-012,Igu PHC,Bwari,2026-02,2026-Q1,IMM,Immunisation completion,Child health,4.0,7.2,55.6,percent,80,higher_is_better,False,-24.4
PHC-012,Igu PHC,Bwari,2026-03,2026-Q1,IMM,Immunisation completion,Child health,4.0,7.2,55.6,percent,80,higher_is_better,False,-24.4
PHC-012,Igu PHC,Bwari,2026-04,2026-Q2,IMM,Immunisation completion,Child health,4.0,7.2,55.6,percent,80,higher_is_better,False,-24.4
PHC-012,Igu PHC,Bwari,2026-05,2026-Q2,IMM,Immunisation completion,Child health,3.0,7.2,41.7,percent,80,higher_is_better,False,-38.3
PHC-012,Igu PHC,Bwari,2026-06,2026-Q2,IMM,Immunisation completion,Child health,3.0,7.2,41.7,percent,80,higher_is_better,False,-38.3
CH-007,Kuje Cottage Hospital,Kuje,2024-07,2024-Q3,SBA,Skilled birth attendance,Delivery,31.0,34.0,91.2,percent,85,higher_is_better,True,6.2
CH-007,Kuje Cottage Hospital,Kuje,2024-08,2024-Q3,SBA,Skilled birth attendance,Delivery,26.0,30.0,86.7,percent,85,higher_is_better,True,1.7
CH-007,Kuje Cottage Hospital,Kuje,2024-09,2024-Q3,SBA,Skilled birth attendance,Delivery,25.0,30.0,83.3,percent,85,higher_is_better,False,-1.7
CH-007,Kuje Cottage Hospital,Kuje,2024-10,2024-Q4,SBA,Skilled birth attendance,Delivery,30.0,36.0,83.3,percent,85,higher_is_better,False,-1.7
CH-007,Kuje Cottage Hospital,Kuje,2024-11,2024-Q4,SBA,Skilled birth attendance,Delivery,28.0,31.0,90.3,percent,85,higher_is_better,True,5.3
CH-007,Kuje Cottage Hospital,Kuje,2024-12,2024-Q4,SBA,Skilled birth attendance,Delivery,29.0,36.0,80.6,percent,85,higher_is_better,False,-4.4
CH-007,Kuje Cottage Hospital,Kuje,2025-01,2025-Q1,SBA,Skilled birth attendance,Delivery,39.0,41.0,95.1,percent,85,higher_is_better,True,10.1
CH-007,Kuje Cottage Hospital,Kuje,2025-02,2025-Q1,SBA,Skilled birth attendance,Delivery,38.0,46.0,82.6,percent,85,higher_is_better,False,-2.4
CH-007,Kuje Cottage Hospital,Kuje,2025-03,2025-Q1,SBA,Skilled birth attendance,Delivery,33.0,38.0,86.8,percent,85,higher_is_better,True,1.8
CH-007,Kuje Cottage Hospital,Kuje,2025-04,2025-Q2,SBA,Skilled birth attendance,Delivery,35.0,42.0,83.3,percent,85,higher_is_better,False,-1.7
CH-007,Kuje Cottage Hospital,Kuje,2025-05,2025-Q2,SBA,Skilled birth attendance,Delivery,30.0,35.0,85.7,percent,85,higher_is_better,True,0.7
CH-007,Kuje Cottage Hospital,Kuje,2025-06,2025-Q2,SBA,Skilled birth attendance,Delivery,28.0,34.0,82.4,percent,85,higher_is_better,False,-2.6
CH-007,Kuje Cottage Hospital,Kuje,2025-07,2025-Q3,SBA,Skilled birth attendance,Delivery,34.0,40.0,85.0,percent,85,higher_is_better,True,0.0
CH-007,Kuje Cottage Hospital,Kuje,2025-08,2025-Q3,SBA,Skilled birth attendance,Delivery,25.0,29.0,86.2,percent,85,higher_is_better,True,1.2
CH-007,Kuje Cottage Hospital,Kuje,2025-09,2025-Q3,SBA,Skilled birth attendance,Delivery,27.0,33.0,81.8,percent,85,higher_is_better,False,-3.2
CH-007,Kuje Cottage Hospital,Kuje,2025-10,2025-Q4,SBA,Skilled birth attendance,Delivery,32.0,39.0,82.1,percent,85,higher_is_better,False,-2.9
CH-007,Kuje Cottage Hospital,Kuje,2025-11,2025-Q4,SBA,Skilled birth attendance,Delivery,41.0,47.0,87.2,percent,85,higher_is_better,True,2.2
CH-007,Kuje Cottage Hospital,Kuje,2025-12,2025-Q4,SBA,Skilled birth attendance,Delivery,37.0,43.0,86.0,percent,85,higher_is_better,True,1.0
CH-007,Kuje Cottage Hospital,Kuje,2026-01,2026-Q1,SBA,Skilled birth attendance,Delivery,33.0,38.0,86.8,percent,85,higher_is_better,True,1.8
CH-007,Kuje Cottage Hospital,Kuje,2026-02,2026-Q1,SBA,Skilled birth attendance,Delivery,36.0,41.0,87.8,percent,85,higher_is_better,True,2.8
CH-007,Kuje Cottage Hospital,Kuje,2026-03,2026-Q1,SBA,Skilled birth attendance,Delivery,38.0,42.0,90.5,percent,85,higher_is_better,True,5.5
CH-007,Kuje Cottage Hospital,Kuje,2026-04,2026-Q2,SBA,Skilled birth attendance,Delivery,32.0,35.0,91.4,percent,85,higher_is_better,True,6.4
CH-007,Kuje Cottage Hospital,Kuje,2026-05,2026-Q2,SBA,Skilled birth attendance,Delivery,38.0,42.0,90.5,percent,85,higher_is_better,True,5.5
CH-007,Kuje Cottage Hospital,Kuje,2026-06,2026-Q2,SBA,Skilled birth attendance,Delivery,39.0,46.0,84.8,percent,85,higher_is_better,False,-0.2
CH-011,Kubwa Cottage Hospital,Bwari,2024-07,2024-Q3,SBA,Skilled birth attendance,Delivery,41.0,49.0,83.7,percent,85,higher_is_better,False,-1.3
CH-011,Kubwa Cottage Hospital,Bwari,2024-08,2024-Q3,SBA,Skilled birth attendance,Delivery,31.0,37.0,83.8,percent,85,higher_is_better,False,-1.2
CH-011,Kubwa Cottage Hospital,Bwari,2024-09,2024-Q3,SBA,Skilled birth attendance,Delivery,53.0,57.0,93.0,percent,85,higher_is_better,True,8.0
CH-011,Kubwa Cottage Hospital,Bwari,2024-10,2024-Q4,SBA,Skilled birth attendance,Delivery,46.0,58.0,79.3,percent,85,higher_is_better,False,-5.7
CH-011,Kubwa Cottage Hospital,Bwari,2024-11,2024-Q4,SBA,Skilled birth attendance,Delivery,50.0,59.0,84.7,percent,85,higher_is_better,False,-0.3
CH-011,Kubwa Cottage Hospital,Bwari,2024-12,2024-Q4,SBA,Skilled birth attendance,Delivery,50.0,60.0,83.3,percent,85,higher_is_better,False,-1.7
CH-011,Kubwa Cottage Hospital,Bwari,2025-01,2025-Q1,SBA,Skilled birth attendance,Delivery,48.0,59.0,81.4,percent,85,higher_is_better,False,-3.6
CH-011,Kubwa Cottage Hospital,Bwari,2025-02,2025-Q1,SBA,Skilled birth attendance,Delivery,46.0,54.0,85.2,percent,85,higher_is_better,True,0.2
CH-011,Kubwa Cottage Hospital,Bwari,2025-03,2025-Q1,SBA,Skilled birth attendance,Delivery,40.0,54.0,74.1,percent,85,higher_is_better,False,-10.9
CH-011,Kubwa Cottage Hospital,Bwari,2025-04,2025-Q2,SBA,Skilled birth attendance,Delivery,37.0,48.0,77.1,percent,85,higher_is_better,False,-7.9
CH-011,Kubwa Cottage Hospital,Bwari,2025-05,2025-Q2,SBA,Skilled birth attendance,Delivery,43.0,53.0,81.1,percent,85,higher_is_better,False,-3.9
CH-011,Kubwa Cottage Hospital,Bwari,2025-06,2025-Q2,SBA,Skilled birth attendance,Delivery,40.0,43.0,93.0,percent,85,higher_is_better,True,8.0
CH-011,Kubwa Cottage Hospital,Bwari,2025-07,2025-Q3,SBA,Skilled birth attendance,Delivery,33.0,39.0,84.6,percent,85,higher_is_better,False,-0.4
CH-011,Kubwa Cottage Hospital,Bwari,2025-08,2025-Q3,SBA,Skilled birth attendance,Delivery,36.0,44.0,81.8,percent,85,higher_is_better,False,-3.2
CH-011,Kubwa Cottage Hospital,Bwari,2025-09,2025-Q3,SBA,Skilled birth attendance,Delivery,41.0,52.0,78.8,percent,85,higher_is_better,False,-6.2
CH-011,Kubwa Cottage Hospital,Bwari,2025-10,2025-Q4,SBA,Skilled birth attendance,Delivery,48.0,53.0,90.6,percent,85,higher_is_better,True,5.6
CH-011,Kubwa Cottage Hospital,Bwari,2025-11,2025-Q4,SBA,Skilled birth attendance,Delivery,50.0,62.0,80.6,percent,85,higher_is_better,False,-4.4
CH-011,Kubwa Cottage Hospital,Bwari,2025-12,2025-Q4,SBA,Skilled birth attendance,Delivery,49.0,56.0,87.5,percent,85,higher_is_better,True,2.5
CH-011,Kubwa Cottage Hospital,Bwari,2026-01,2026-Q1,SBA,Skilled birth attendance,Delivery,48.0,62.0,77.4,percent,85,higher_is_better,False,-7.6
CH-011,Kubwa Cottage Hospital,Bwari,2026-02,2026-Q1,SBA,Skilled birth attendance,Delivery,44.0,58.0,75.9,percent,85,higher_is_better,False,-9.1
CH-011,Kubwa Cottage Hospital,Bwari,2026-03,2026-Q1,SBA,Skilled birth attendance,Delivery,41.0,46.0,89.1,percent,85,higher_is_better,True,4.1
CH-011,Kubwa Cottage Hospital,Bwari,2026-04,2026-Q2,SBA,Skilled birth attendance,Delivery,43.0,52.0,82.7,percent,85,higher_is_better,False,-2.3
CH-011,Kubwa Cottage Hospital,Bwari,2026-05,2026-Q2,SBA,Skilled birth attendance,Delivery,43.0,48.0,89.6,percent,85,higher_is_better,True,4.6
CH-011,Kubwa Cottage Hospital,Bwari,2026-06,2026-Q2,SBA,Skilled birth attendance,Delivery,51.0,54.0,94.4,percent,85,higher_is_better,True,9.4
GH-004,Gwagwalada General Hosp,Gwagwalada,2024-07,2024-Q3,SBA,Skilled birth attendance,Delivery,49.0,55.0,89.1,percent,85,higher_is_better,True,4.1
GH-004,Gwagwalada General Hosp,Gwagwalada,2024-08,2024-Q3,SBA,Skilled birth attendance,Delivery,44.0,49.0,89.8,percent,85,higher_is_better,True,4.8
GH-004,Gwagwalada General Hosp,Gwagwalada,2024-09,2024-Q3,SBA,Skilled birth attendance,Delivery,57.0,71.0,80.3,percent,85,higher_is_better,False,-4.7
GH-004,Gwagwalada General Hosp,Gwagwalada,2024-10,2024-Q4,SBA,Skilled birth attendance,Delivery,67.0,73.0,91.8,percent,85,higher_is_better,True,6.8
GH-004,Gwagwalada General Hosp,Gwagwalada,2024-11,2024-Q4,SBA,Skilled birth attendance,Delivery,65.0,70.0,92.9,percent,85,higher_is_better,True,7.9
GH-004,Gwagwalada General Hosp,Gwagwalada,2024-12,2024-Q4,SBA,Skilled birth attendance,Delivery,62.0,65.0,95.4,percent,85,higher_is_better,True,10.4
GH-004,Gwagwalada General Hosp,Gwagwalada,2025-01,2025-Q1,SBA,Skilled birth attendance,Delivery,50.0,57.0,87.7,percent,85,higher_is_better,True,2.7
GH-004,Gwagwalada General Hosp,Gwagwalada,2025-02,2025-Q1,SBA,Skilled birth attendance,Delivery,65.0,65.0,100.0,percent,85,higher_is_better,True,15.0
GH-004,Gwagwalada General Hosp,Gwagwalada,2025-03,2025-Q1,SBA,Skilled birth attendance,Delivery,66.0,72.0,91.7,percent,85,higher_is_better,True,6.7
GH-004,Gwagwalada General Hosp,Gwagwalada,2025-04,2025-Q2,SBA,Skilled birth attendance,Delivery,56.0,66.0,84.8,percent,85,higher_is_better,False,-0.2
GH-004,Gwagwalada General Hosp,Gwagwalada,2025-05,2025-Q2,SBA,Skilled birth attendance,Delivery,61.0,65.0,93.8,percent,85,higher_is_better,True,8.8
GH-004,Gwagwalada General Hosp,Gwagwalada,2025-06,2025-Q2,SBA,Skilled birth attendance,Delivery,72.0,81.0,88.9,percent,85,higher_is_better,True,3.9
GH-004,Gwagwalada General Hosp,Gwagwalada,2025-07,2025-Q3,SBA,Skilled birth attendance,Delivery,60.0,61.0,98.4,percent,85,higher_is_better,True,13.4
GH-004,Gwagwalada General Hosp,Gwagwalada,2025-08,2025-Q3,SBA,Skilled birth attendance,Delivery,64.0,65.0,98.5,percent,85,higher_is_better,True,13.5
GH-004,Gwagwalada General Hosp,Gwagwalada,2025-09,2025-Q3,SBA,Skilled birth attendance,Delivery,52.0,57.0,91.2,percent,85,higher_is_better,True,6.2
GH-004,Gwagwalada General Hosp,Gwagwalada,2025-10,2025-Q4,SBA,Skilled birth attendance,Delivery,82.0,82.0,100.0,percent,85,higher_is_better,True,15.0
GH-004,Gwagwalada General Hosp,Gwagwalada,2025-11,2025-Q4,SBA,Skilled birth attendance,Delivery,75.0,82.0,91.5,percent,85,higher_is_better,True,6.5
GH-004,Gwagwalada General Hosp,Gwagwalada,2025-12,2025-Q4,SBA,Skilled birth attendance,Delivery,61.0,78.0,78.2,percent,85,higher_is_better,False,-6.8
GH-004,Gwagwalada General Hosp,Gwagwalada,2026-01,2026-Q1,SBA,Skilled birth attendance,Delivery,67.0,72.0,93.1,percent,85,higher_is_better,True,8.1
GH-004,Gwagwalada General Hosp,Gwagwalada,2026-02,2026-Q1,SBA,Skilled birth attendance,Delivery,64.0,65.0,98.5,percent,85,higher_is_better,True,13.5
GH-004,Gwagwalada General Hosp,Gwagwalada,2026-03,2026-Q1,SBA,Skilled birth attendance,Delivery,70.0,70.0,100.0,percent,85,higher_is_better,True,15.0
GH-004,Gwagwalada General Hosp,Gwagwalada,2026-04,2026-Q2,SBA,Skilled birth attendance,Delivery,72.0,75.0,96.0,percent,85,higher_is_better,True,11.0
GH-004,Gwagwalada General Hosp,Gwagwalada,2026-05,2026-Q2,SBA,Skilled birth attendance,Delivery,60.0,68.0,88.2,percent,85,higher_is_better,True,3.2
GH-004,Gwagwalada General Hosp,Gwagwalada,2026-06,2026-Q2,SBA,Skilled birth attendance,Delivery,61.0,70.0,87.1,percent,85,higher_is_better,True,2.1
PHC-001,Gwagwalada PHC,Gwagwalada,2024-07,2024-Q3,SBA,Skilled birth attendance,Delivery,22.0,26.0,84.6,percent,85,higher_is_better,False,-0.4
PHC-001,Gwagwalada PHC,Gwagwalada,2024-08,2024-Q3,SBA,Skilled birth attendance,Delivery,23.0,26.0,88.5,percent,85,higher_is_better,True,3.5
PHC-001,Gwagwalada PHC,Gwagwalada,2024-09,2024-Q3,SBA,Skilled birth attendance,Delivery,23.0,27.0,85.2,percent,85,higher_is_better,True,0.2
PHC-001,Gwagwalada PHC,Gwagwalada,2024-10,2024-Q4,SBA,Skilled birth attendance,Delivery,28.0,28.0,100.0,percent,85,higher_is_better,True,15.0
PHC-001,Gwagwalada PHC,Gwagwalada,2024-11,2024-Q4,SBA,Skilled birth attendance,Delivery,28.0,30.0,93.3,percent,85,higher_is_better,True,8.3
PHC-001,Gwagwalada PHC,Gwagwalada,2024-12,2024-Q4,SBA,Skilled birth attendance,Delivery,30.0,31.0,96.8,percent,85,higher_is_better,True,11.8
PHC-001,Gwagwalada PHC,Gwagwalada,2025-01,2025-Q1,SBA,Skilled birth attendance,Delivery,27.0,34.0,79.4,percent,85,higher_is_better,False,-5.6
PHC-001,Gwagwalada PHC,Gwagwalada,2025-02,2025-Q1,SBA,Skilled birth attendance,Delivery,25.0,30.0,83.3,percent,85,higher_is_better,False,-1.7
PHC-001,Gwagwalada PHC,Gwagwalada,2025-03,2025-Q1,SBA,Skilled birth attendance,Delivery,28.0,30.0,93.3,percent,85,higher_is_better,True,8.3
PHC-001,Gwagwalada PHC,Gwagwalada,2025-04,2025-Q2,SBA,Skilled birth attendance,Delivery,30.0,31.0,96.8,percent,85,higher_is_better,True,11.8
PHC-001,Gwagwalada PHC,Gwagwalada,2025-05,2025-Q2,SBA,Skilled birth attendance,Delivery,25.0,27.0,92.6,percent,85,higher_is_better,True,7.6
PHC-001,Gwagwalada PHC,Gwagwalada,2025-06,2025-Q2,SBA,Skilled birth attendance,Delivery,22.0,25.0,88.0,percent,85,higher_is_better,True,3.0
PHC-001,Gwagwalada PHC,Gwagwalada,2025-07,2025-Q3,SBA,Skilled birth attendance,Delivery,25.0,26.0,96.2,percent,85,higher_is_better,True,11.2
PHC-001,Gwagwalada PHC,Gwagwalada,2025-08,2025-Q3,SBA,Skilled birth attendance,Delivery,26.0,26.0,100.0,percent,85,higher_is_better,True,15.0
PHC-001,Gwagwalada PHC,Gwagwalada,2025-09,2025-Q3,SBA,Skilled birth attendance,Delivery,21.0,21.0,100.0,percent,85,higher_is_better,True,15.0
PHC-001,Gwagwalada PHC,Gwagwalada,2025-10,2025-Q4,SBA,Skilled birth attendance,Delivery,28.0,29.0,96.6,percent,85,higher_is_better,True,11.6
PHC-001,Gwagwalada PHC,Gwagwalada,2025-11,2025-Q4,SBA,Skilled birth attendance,Delivery,31.0,34.0,91.2,percent,85,higher_is_better,True,6.2
PHC-001,Gwagwalada PHC,Gwagwalada,2025-12,2025-Q4,SBA,Skilled birth attendance,Delivery,27.0,27.0,100.0,percent,85,higher_is_better,True,15.0
PHC-001,Gwagwalada PHC,Gwagwalada,2026-01,2026-Q1,SBA,Skilled birth attendance,Delivery,29.0,32.0,90.6,percent,85,higher_is_better,True,5.6
PHC-001,Gwagwalada PHC,Gwagwalada,2026-02,2026-Q1,SBA,Skilled birth attendance,Delivery,29.0,31.0,93.5,percent,85,higher_is_better,True,8.5
PHC-001,Gwagwalada PHC,Gwagwalada,2026-03,2026-Q1,SBA,Skilled birth attendance,Delivery,28.0,28.0,100.0,percent,85,higher_is_better,True,15.0
PHC-001,Gwagwalada PHC,Gwagwalada,2026-04,2026-Q2,SBA,Skilled birth attendance,Delivery,25.0,27.0,92.6,percent,85,higher_is_better,True,7.6
PHC-001,Gwagwalada PHC,Gwagwalada,2026-05,2026-Q2,SBA,Skilled birth attendance,Delivery,25.0,27.0,92.6,percent,85,higher_is_better,True,7.6
PHC-001,Gwagwalada PHC,Gwagwalada,2026-06,2026-Q2,SBA,Skilled birth attendance,Delivery,20.0,21.0,95.2,percent,85,higher_is_better,True,10.2
PHC-002,Dobi PHC,Gwagwalada,2024-07,2024-Q3,SBA,Skilled birth attendance,Delivery,8.0,11.0,72.7,percent,85,higher_is_better,False,-12.3
PHC-002,Dobi PHC,Gwagwalada,2024-08,2024-Q3,SBA,Skilled birth attendance,Delivery,7.0,9.0,77.8,percent,85,higher_is_better,False,-7.2
PHC-002,Dobi PHC,Gwagwalada,2024-09,2024-Q3,SBA,Skilled birth attendance,Delivery,7.0,11.0,63.6,percent,85,higher_is_better,False,-21.4
PHC-002,Dobi PHC,Gwagwalada,2024-10,2024-Q4,SBA,Skilled birth attendance,Delivery,7.0,9.0,77.8,percent,85,higher_is_better,False,-7.2
PHC-002,Dobi PHC,Gwagwalada,2024-11,2024-Q4,SBA,Skilled birth attendance,Delivery,9.0,12.0,75.0,percent,85,higher_is_better,False,-10.0
PHC-002,Dobi PHC,Gwagwalada,2024-12,2024-Q4,SBA,Skilled birth attendance,Delivery,8.0,11.0,72.7,percent,85,higher_is_better,False,-12.3
PHC-002,Dobi PHC,Gwagwalada,2025-01,2025-Q1,SBA,Skilled birth attendance,Delivery,8.0,12.0,66.7,percent,85,higher_is_better,False,-18.3
PHC-002,Dobi PHC,Gwagwalada,2025-02,2025-Q1,SBA,Skilled birth attendance,Delivery,11.0,14.0,78.6,percent,85,higher_is_better,False,-6.4
PHC-002,Dobi PHC,Gwagwalada,2025-03,2025-Q1,SBA,Skilled birth attendance,Delivery,10.0,13.0,76.9,percent,85,higher_is_better,False,-8.1
PHC-002,Dobi PHC,Gwagwalada,2025-04,2025-Q2,SBA,Skilled birth attendance,Delivery,8.0,13.0,61.5,percent,85,higher_is_better,False,-23.5
PHC-002,Dobi PHC,Gwagwalada,2025-05,2025-Q2,SBA,Skilled birth attendance,Delivery,10.0,12.0,83.3,percent,85,higher_is_better,False,-1.7
PHC-002,Dobi PHC,Gwagwalada,2025-06,2025-Q2,SBA,Skilled birth attendance,Delivery,10.0,12.0,83.3,percent,85,higher_is_better,False,-1.7
PHC-002,Dobi PHC,Gwagwalada,2025-07,2025-Q3,SBA,Skilled birth attendance,Delivery,7.0,10.0,70.0,percent,85,higher_is_better,False,-15.0
PHC-002,Dobi PHC,Gwagwalada,2025-08,2025-Q3,SBA,Skilled birth attendance,Delivery,6.0,10.0,60.0,percent,85,higher_is_better,False,-25.0
PHC-002,Dobi PHC,Gwagwalada,2025-09,2025-Q3,SBA,Skilled birth attendance,Delivery,9.0,12.0,75.0,percent,85,higher_is_better,False,-10.0
PHC-002,Dobi PHC,Gwagwalada,2025-10,2025-Q4,SBA,Skilled birth attendance,Delivery,9.0,12.0,75.0,percent,85,higher_is_better,False,-10.0
PHC-002,Dobi PHC,Gwagwalada,2025-11,2025-Q4,SBA,Skilled birth attendance,Delivery,10.0,13.0,76.9,percent,85,higher_is_better,False,-8.1
PHC-002,Dobi PHC,Gwagwalada,2025-12,2025-Q4,SBA,Skilled birth attendance,Delivery,9.0,12.0,75.0,percent,85,higher_is_better,False,-10.0
PHC-002,Dobi PHC,Gwagwalada,2026-01,2026-Q1,SBA,Skilled birth attendance,Delivery,9.0,13.0,69.2,percent,85,higher_is_better,False,-15.8
PHC-002,Dobi PHC,Gwagwalada,2026-02,2026-Q1,SBA,Skilled birth attendance,Delivery,9.0,12.0,75.0,percent,85,higher_is_better,False,-10.0
PHC-002,Dobi PHC,Gwagwalada,2026-03,2026-Q1,SBA,Skilled birth attendance,Delivery,9.0,14.0,64.3,percent,85,higher_is_better,False,-20.7
PHC-002,Dobi PHC,Gwagwalada,2026-04,2026-Q2,SBA,Skilled birth attendance,Delivery,11.0,13.0,84.6,percent,85,higher_is_better,False,-0.4
PHC-002,Dobi PHC,Gwagwalada,2026-05,2026-Q2,SBA,Skilled birth attendance,Delivery,7.0,10.0,70.0,percent,85,higher_is_better,False,-15.0
PHC-002,Dobi PHC,Gwagwalada,2026-06,2026-Q2,SBA,Skilled birth attendance,Delivery,7.0,10.0,70.0,percent,85,higher_is_better,False,-15.0
PHC-003,Zuba PHC,Gwagwalada,2024-07,2024-Q3,SBA,Skilled birth attendance,Delivery,16.0,19.0,84.2,percent,85,higher_is_better,False,-0.8
PHC-003,Zuba PHC,Gwagwalada,2024-08,2024-Q3,SBA,Skilled birth attendance,Delivery,11.0,14.0,78.6,percent,85,higher_is_better,False,-6.4
PHC-003,Zuba PHC,Gwagwalada,2024-09,2024-Q3,SBA,Skilled birth attendance,Delivery,16.0,19.0,84.2,percent,85,higher_is_better,False,-0.8
PHC-003,Zuba PHC,Gwagwalada,2024-10,2024-Q4,SBA,Skilled birth attendance,Delivery,14.0,17.0,82.4,percent,85,higher_is_better,False,-2.6
PHC-003,Zuba PHC,Gwagwalada,2024-11,2024-Q4,SBA,Skilled birth attendance,Delivery,17.0,21.0,81.0,percent,85,higher_is_better,False,-4.0
PHC-003,Zuba PHC,Gwagwalada,2024-12,2024-Q4,SBA,Skilled birth attendance,Delivery,18.0,21.0,85.7,percent,85,higher_is_better,True,0.7
PHC-003,Zuba PHC,Gwagwalada,2025-01,2025-Q1,SBA,Skilled birth attendance,Delivery,19.0,23.0,82.6,percent,85,higher_is_better,False,-2.4
PHC-003,Zuba PHC,Gwagwalada,2025-02,2025-Q1,SBA,Skilled birth attendance,Delivery,16.0,18.0,88.9,percent,85,higher_is_better,True,3.9
PHC-003,Zuba PHC,Gwagwalada,2025-03,2025-Q1,SBA,Skilled birth attendance,Delivery,15.0,19.0,78.9,percent,85,higher_is_better,False,-6.1
PHC-003,Zuba PHC,Gwagwalada,2025-04,2025-Q2,SBA,Skilled birth attendance,Delivery,18.0,19.0,94.7,percent,85,higher_is_better,True,9.7
PHC-003,Zuba PHC,Gwagwalada,2025-05,2025-Q2,SBA,Skilled birth attendance,Delivery,16.0,20.0,80.0,percent,85,higher_is_better,False,-5.0
PHC-003,Zuba PHC,Gwagwalada,2025-06,2025-Q2,SBA,Skilled birth attendance,Delivery,14.0,17.0,82.4,percent,85,higher_is_better,False,-2.6
PHC-003,Zuba PHC,Gwagwalada,2025-07,2025-Q3,SBA,Skilled birth attendance,Delivery,13.0,15.0,86.7,percent,85,higher_is_better,True,1.7
PHC-003,Zuba PHC,Gwagwalada,2025-08,2025-Q3,SBA,Skilled birth attendance,Delivery,15.0,18.0,83.3,percent,85,higher_is_better,False,-1.7
PHC-003,Zuba PHC,Gwagwalada,2025-09,2025-Q3,SBA,Skilled birth attendance,Delivery,16.0,18.0,88.9,percent,85,higher_is_better,True,3.9
PHC-003,Zuba PHC,Gwagwalada,2025-10,2025-Q4,SBA,Skilled birth attendance,Delivery,13.0,17.0,76.5,percent,85,higher_is_better,False,-8.5
PHC-003,Zuba PHC,Gwagwalada,2025-11,2025-Q4,SBA,Skilled birth attendance,Delivery,18.0,21.0,85.7,percent,85,higher_is_better,True,0.7
PHC-003,Zuba PHC,Gwagwalada,2025-12,2025-Q4,SBA,Skilled birth attendance,Delivery,17.0,20.0,85.0,percent,85,higher_is_better,True,0.0
PHC-003,Zuba PHC,Gwagwalada,2026-01,2026-Q1,SBA,Skilled birth attendance,Delivery,15.0,20.0,75.0,percent,85,higher_is_better,False,-10.0
PHC-003,Zuba PHC,Gwagwalada,2026-02,2026-Q1,SBA,Skilled birth attendance,Delivery,19.0,22.0,86.4,percent,85,higher_is_better,True,1.4
PHC-003,Zuba PHC,Gwagwalada,2026-03,2026-Q1,SBA,Skilled birth attendance,Delivery,14.0,17.0,82.4,percent,85,higher_is_better,False,-2.6
PHC-003,Zuba PHC,Gwagwalada,2026-04,2026-Q2,SBA,Skilled birth attendance,Delivery,16.0,20.0,80.0,percent,85,higher_is_better,False,-5.0
PHC-003,Zuba PHC,Gwagwalada,2026-05,2026-Q2,SBA,Skilled birth attendance,Delivery,17.0,19.0,89.5,percent,85,higher_is_better,True,4.5
PHC-003,Zuba PHC,Gwagwalada,2026-06,2026-Q2,SBA,Skilled birth attendance,Delivery,14.0,18.0,77.8,percent,85,higher_is_better,False,-7.2
PHC-005,Kuje PHC,Kuje,2024-07,2024-Q3,SBA,Skilled birth attendance,Delivery,8.0,12.0,66.7,percent,85,higher_is_better,False,-18.3
PHC-005,Kuje PHC,Kuje,2024-08,2024-Q3,SBA,Skilled birth attendance,Delivery,9.0,13.0,69.2,percent,85,higher_is_better,False,-15.8
PHC-005,Kuje PHC,Kuje,2024-09,2024-Q3,SBA,Skilled birth attendance,Delivery,9.0,15.0,60.0,percent,85,higher_is_better,False,-25.0
PHC-005,Kuje PHC,Kuje,2024-10,2024-Q4,SBA,Skilled birth attendance,Delivery,9.0,14.0,64.3,percent,85,higher_is_better,False,-20.7
PHC-005,Kuje PHC,Kuje,2024-11,2024-Q4,SBA,Skilled birth attendance,Delivery,10.0,17.0,58.8,percent,85,higher_is_better,False,-26.2
PHC-005,Kuje PHC,Kuje,2024-12,2024-Q4,SBA,Skilled birth attendance,Delivery,10.0,18.0,55.6,percent,85,higher_is_better,False,-29.4
PHC-005,Kuje PHC,Kuje,2025-01,2025-Q1,SBA,Skilled birth attendance,Delivery,9.0,16.0,56.3,percent,85,higher_is_better,False,-28.7
PHC-005,Kuje PHC,Kuje,2025-02,2025-Q1,SBA,Skilled birth attendance,Delivery,9.0,15.0,60.0,percent,85,higher_is_better,False,-25.0
PHC-005,Kuje PHC,Kuje,2025-03,2025-Q1,SBA,Skilled birth attendance,Delivery,7.0,13.0,53.8,percent,85,higher_is_better,False,-31.2
PHC-005,Kuje PHC,Kuje,2025-04,2025-Q2,SBA,Skilled birth attendance,Delivery,11.0,16.0,68.8,percent,85,higher_is_better,False,-16.2
PHC-005,Kuje PHC,Kuje,2025-05,2025-Q2,SBA,Skilled birth attendance,Delivery,9.0,14.0,64.3,percent,85,higher_is_better,False,-20.7
PHC-005,Kuje PHC,Kuje,2025-06,2025-Q2,SBA,Skilled birth attendance,Delivery,10.0,15.0,66.7,percent,85,higher_is_better,False,-18.3
PHC-005,Kuje PHC,Kuje,2025-07,2025-Q3,SBA,Skilled birth attendance,Delivery,7.0,12.0,58.3,percent,85,higher_is_better,False,-26.7
PHC-005,Kuje PHC,Kuje,2025-08,2025-Q3,SBA,Skilled birth attendance,Delivery,,,,percent,85,higher_is_better,,
PHC-005,Kuje PHC,Kuje,2025-09,2025-Q3,SBA,Skilled birth attendance,Delivery,10.0,15.0,66.7,percent,85,higher_is_better,False,-18.3
PHC-005,Kuje PHC,Kuje,2025-10,2025-Q4,SBA,Skilled birth attendance,Delivery,9.0,13.0,69.2,percent,85,higher_is_better,False,-15.8
PHC-005,Kuje PHC,Kuje,2025-11,2025-Q4,SBA,Skilled birth attendance,Delivery,10.0,15.0,66.7,percent,85,higher_is_better,False,-18.3
PHC-005,Kuje PHC,Kuje,2025-12,2025-Q4,SBA,Skilled birth attendance,Delivery,10.0,15.0,66.7,percent,85,higher_is_better,False,-18.3
PHC-005,Kuje PHC,Kuje,2026-01,2026-Q1,SBA,Skilled birth attendance,Delivery,8.0,13.0,61.5,percent,85,higher_is_better,False,-23.5
PHC-005,Kuje PHC,Kuje,2026-02,2026-Q1,SBA,Skilled birth attendance,Delivery,7.0,16.0,43.8,percent,85,higher_is_better,False,-41.2
PHC-005,Kuje PHC,Kuje,2026-03,2026-Q1,SBA,Skilled birth attendance,Delivery,9.0,14.0,64.3,percent,85,higher_is_better,False,-20.7
PHC-005,Kuje PHC,Kuje,2026-04,2026-Q2,SBA,Skilled birth attendance,Delivery,8.0,17.0,47.1,percent,85,higher_is_better,False,-37.9
PHC-005,Kuje PHC,Kuje,2026-05,2026-Q2,SBA,Skilled birth attendance,Delivery,9.0,13.0,69.2,percent,85,higher_is_better,False,-15.8
PHC-005,Kuje PHC,Kuje,2026-06,2026-Q2,SBA,Skilled birth attendance,Delivery,8.0,13.0,61.5,percent,85,higher_is_better,False,-23.5
PHC-006,Gaube PHC,Kuje,2024-07,2024-Q3,SBA,Skilled birth attendance,Delivery,6.0,7.0,85.7,percent,85,higher_is_better,True,0.7
PHC-006,Gaube PHC,Kuje,2024-08,2024-Q3,SBA,Skilled birth attendance,Delivery,6.0,8.0,75.0,percent,85,higher_is_better,False,-10.0
PHC-006,Gaube PHC,Kuje,2024-09,2024-Q3,SBA,Skilled birth attendance,Delivery,6.0,8.0,75.0,percent,85,higher_is_better,False,-10.0
PHC-006,Gaube PHC,Kuje,2024-10,2024-Q4,SBA,Skilled birth attendance,Delivery,6.0,9.0,66.7,percent,85,higher_is_better,False,-18.3
PHC-006,Gaube PHC,Kuje,2024-11,2024-Q4,SBA,Skilled birth attendance,Delivery,6.0,8.0,75.0,percent,85,higher_is_better,False,-10.0
PHC-006,Gaube PHC,Kuje,2024-12,2024-Q4,SBA,Skilled birth attendance,Delivery,7.0,9.0,77.8,percent,85,higher_is_better,False,-7.2
PHC-006,Gaube PHC,Kuje,2025-01,2025-Q1,SBA,Skilled birth attendance,Delivery,8.0,10.0,80.0,percent,85,higher_is_better,False,-5.0
PHC-006,Gaube PHC,Kuje,2025-02,2025-Q1,SBA,Skilled birth attendance,Delivery,5.0,8.0,62.5,percent,85,higher_is_better,False,-22.5
PHC-006,Gaube PHC,Kuje,2025-03,2025-Q1,SBA,Skilled birth attendance,Delivery,8.0,10.0,80.0,percent,85,higher_is_better,False,-5.0
PHC-006,Gaube PHC,Kuje,2025-04,2025-Q2,SBA,Skilled birth attendance,Delivery,5.0,7.0,71.4,percent,85,higher_is_better,False,-13.6
PHC-006,Gaube PHC,Kuje,2025-05,2025-Q2,SBA,Skilled birth attendance,Delivery,5.0,8.0,62.5,percent,85,higher_is_better,False,-22.5
PHC-006,Gaube PHC,Kuje,2025-06,2025-Q2,SBA,Skilled birth attendance,Delivery,6.0,9.0,66.7,percent,85,higher_is_better,False,-18.3
PHC-006,Gaube PHC,Kuje,2025-07,2025-Q3,SBA,Skilled birth attendance,Delivery,6.0,8.0,75.0,percent,85,higher_is_better,False,-10.0
PHC-006,Gaube PHC,Kuje,2025-08,2025-Q3,SBA,Skilled birth attendance,Delivery,6.0,8.0,75.0,percent,85,higher_is_better,False,-10.0
PHC-006,Gaube PHC,Kuje,2025-09,2025-Q3,SBA,Skilled birth attendance,Delivery,5.0,8.0,62.5,percent,85,higher_is_better,False,-22.5
PHC-006,Gaube PHC,Kuje,2025-10,2025-Q4,SBA,Skilled birth attendance,Delivery,5.0,7.0,71.4,percent,85,higher_is_better,False,-13.6
PHC-006,Gaube PHC,Kuje,2025-11,2025-Q4,SBA,Skilled birth attendance,Delivery,6.0,9.0,66.7,percent,85,higher_is_better,False,-18.3
PHC-006,Gaube PHC,Kuje,2025-12,2025-Q4,SBA,Skilled birth attendance,Delivery,8.0,10.0,80.0,percent,85,higher_is_better,False,-5.0
PHC-006,Gaube PHC,Kuje,2026-01,2026-Q1,SBA,Skilled birth attendance,Delivery,6.0,10.0,60.0,percent,85,higher_is_better,False,-25.0
PHC-006,Gaube PHC,Kuje,2026-02,2026-Q1,SBA,Skilled birth attendance,Delivery,7.0,9.0,77.8,percent,85,higher_is_better,False,-7.2
PHC-006,Gaube PHC,Kuje,2026-03,2026-Q1,SBA,Skilled birth attendance,Delivery,5.0,9.0,55.6,percent,85,higher_is_better,False,-29.4
PHC-006,Gaube PHC,Kuje,2026-04,2026-Q2,SBA,Skilled birth attendance,Delivery,7.0,10.0,70.0,percent,85,higher_is_better,False,-15.0
PHC-006,Gaube PHC,Kuje,2026-05,2026-Q2,SBA,Skilled birth attendance,Delivery,9.0,12.0,75.0,percent,85,higher_is_better,False,-10.0
PHC-006,Gaube PHC,Kuje,2026-06,2026-Q2,SBA,Skilled birth attendance,Delivery,7.0,9.0,77.8,percent,85,higher_is_better,False,-7.2
PHC-008,Rubochi PHC,Kuje,2024-07,2024-Q3,SBA,Skilled birth attendance,Delivery,6.0,7.0,85.7,percent,85,higher_is_better,True,0.7
PHC-008,Rubochi PHC,Kuje,2024-08,2024-Q3,SBA,Skilled birth attendance,Delivery,7.0,8.0,87.5,percent,85,higher_is_better,True,2.5
PHC-008,Rubochi PHC,Kuje,2024-09,2024-Q3,SBA,Skilled birth attendance,Delivery,7.0,8.0,87.5,percent,85,higher_is_better,True,2.5
PHC-008,Rubochi PHC,Kuje,2024-10,2024-Q4,SBA,Skilled birth attendance,Delivery,7.0,8.0,87.5,percent,85,higher_is_better,True,2.5
PHC-008,Rubochi PHC,Kuje,2024-11,2024-Q4,SBA,Skilled birth attendance,Delivery,10.0,11.0,90.9,percent,85,higher_is_better,True,5.9
PHC-008,Rubochi PHC,Kuje,2024-12,2024-Q4,SBA,Skilled birth attendance,Delivery,7.0,9.0,77.8,percent,85,higher_is_better,False,-7.2
PHC-008,Rubochi PHC,Kuje,2025-01,2025-Q1,SBA,Skilled birth attendance,Delivery,7.0,9.0,77.8,percent,85,higher_is_better,False,-7.2
PHC-008,Rubochi PHC,Kuje,2025-02,2025-Q1,SBA,Skilled birth attendance,Delivery,8.0,9.0,88.9,percent,85,higher_is_better,True,3.9
PHC-008,Rubochi PHC,Kuje,2025-03,2025-Q1,SBA,Skilled birth attendance,Delivery,8.0,9.0,88.9,percent,85,higher_is_better,True,3.9
PHC-008,Rubochi PHC,Kuje,2025-04,2025-Q2,SBA,Skilled birth attendance,Delivery,7.0,8.0,87.5,percent,85,higher_is_better,True,2.5
PHC-008,Rubochi PHC,Kuje,2025-05,2025-Q2,SBA,Skilled birth attendance,Delivery,6.0,8.0,75.0,percent,85,higher_is_better,False,-10.0
PHC-008,Rubochi PHC,Kuje,2025-06,2025-Q2,SBA,Skilled birth attendance,Delivery,7.0,8.0,87.5,percent,85,higher_is_better,True,2.5
PHC-008,Rubochi PHC,Kuje,2025-07,2025-Q3,SBA,Skilled birth attendance,Delivery,5.0,6.0,83.3,percent,85,higher_is_better,False,-1.7
PHC-008,Rubochi PHC,Kuje,2025-08,2025-Q3,SBA,Skilled birth attendance,Delivery,6.0,7.0,85.7,percent,85,higher_is_better,True,0.7
PHC-008,Rubochi PHC,Kuje,2025-09,2025-Q3,SBA,Skilled birth attendance,Delivery,7.0,8.0,87.5,percent,85,higher_is_better,True,2.5
PHC-008,Rubochi PHC,Kuje,2025-10,2025-Q4,SBA,Skilled birth attendance,Delivery,6.0,8.0,75.0,percent,85,higher_is_better,False,-10.0
PHC-008,Rubochi PHC,Kuje,2025-11,2025-Q4,SBA,Skilled birth attendance,Delivery,8.0,9.0,88.9,percent,85,higher_is_better,True,3.9
PHC-008,Rubochi PHC,Kuje,2025-12,2025-Q4,SBA,Skilled birth attendance,Delivery,8.0,9.0,88.9,percent,85,higher_is_better,True,3.9
PHC-008,Rubochi PHC,Kuje,2026-01,2026-Q1,SBA,Skilled birth attendance,Delivery,9.0,10.0,90.0,percent,85,higher_is_better,True,5.0
PHC-008,Rubochi PHC,Kuje,2026-02,2026-Q1,SBA,Skilled birth attendance,Delivery,6.0,7.0,85.7,percent,85,higher_is_better,True,0.7
PHC-008,Rubochi PHC,Kuje,2026-03,2026-Q1,SBA,Skilled birth attendance,Delivery,7.0,8.0,87.5,percent,85,higher_is_better,True,2.5
PHC-008,Rubochi PHC,Kuje,2026-04,2026-Q2,SBA,Skilled birth attendance,Delivery,7.0,8.0,87.5,percent,85,higher_is_better,True,2.5
PHC-008,Rubochi PHC,Kuje,2026-05,2026-Q2,SBA,Skilled birth attendance,Delivery,6.0,7.0,85.7,percent,85,higher_is_better,True,0.7
PHC-008,Rubochi PHC,Kuje,2026-06,2026-Q2,SBA,Skilled birth attendance,Delivery,7.0,8.0,87.5,percent,85,higher_is_better,True,2.5
PHC-009,Bwari PHC,Bwari,2024-07,2024-Q3,SBA,Skilled birth attendance,Delivery,16.0,17.0,94.1,percent,85,higher_is_better,True,9.1
PHC-009,Bwari PHC,Bwari,2024-08,2024-Q3,SBA,Skilled birth attendance,Delivery,14.0,17.0,82.4,percent,85,higher_is_better,False,-2.6
PHC-009,Bwari PHC,Bwari,2024-09,2024-Q3,SBA,Skilled birth attendance,Delivery,19.0,19.0,100.0,percent,85,higher_is_better,True,15.0
PHC-009,Bwari PHC,Bwari,2024-10,2024-Q4,SBA,Skilled birth attendance,Delivery,20.0,21.0,95.2,percent,85,higher_is_better,True,10.2
PHC-009,Bwari PHC,Bwari,2024-11,2024-Q4,SBA,Skilled birth attendance,Delivery,22.0,22.0,100.0,percent,85,higher_is_better,True,15.0
PHC-009,Bwari PHC,Bwari,2024-12,2024-Q4,SBA,Skilled birth attendance,Delivery,18.0,19.0,94.7,percent,85,higher_is_better,True,9.7
PHC-009,Bwari PHC,Bwari,2025-01,2025-Q1,SBA,Skilled birth attendance,Delivery,22.0,24.0,91.7,percent,85,higher_is_better,True,6.7
PHC-009,Bwari PHC,Bwari,2025-02,2025-Q1,SBA,Skilled birth attendance,Delivery,23.0,25.0,92.0,percent,85,higher_is_better,True,7.0
PHC-009,Bwari PHC,Bwari,2025-03,2025-Q1,SBA,Skilled birth attendance,Delivery,21.0,23.0,91.3,percent,85,higher_is_better,True,6.3
PHC-009,Bwari PHC,Bwari,2025-04,2025-Q2,SBA,Skilled birth attendance,Delivery,23.0,24.0,95.8,percent,85,higher_is_better,True,10.8
PHC-009,Bwari PHC,Bwari,2025-05,2025-Q2,SBA,Skilled birth attendance,Delivery,17.0,20.0,85.0,percent,85,higher_is_better,True,0.0
PHC-009,Bwari PHC,Bwari,2025-06,2025-Q2,SBA,Skilled birth attendance,Delivery,14.0,16.0,87.5,percent,85,higher_is_better,True,2.5
PHC-009,Bwari PHC,Bwari,2025-07,2025-Q3,SBA,Skilled birth attendance,Delivery,18.0,19.0,94.7,percent,85,higher_is_better,True,9.7
PHC-009,Bwari PHC,Bwari,2025-08,2025-Q3,SBA,Skilled birth attendance,Delivery,18.0,20.0,90.0,percent,85,higher_is_better,True,5.0
PHC-009,Bwari PHC,Bwari,2025-09,2025-Q3,SBA,Skilled birth attendance,Delivery,19.0,20.0,95.0,percent,85,higher_is_better,True,10.0
PHC-009,Bwari PHC,Bwari,2025-10,2025-Q4,SBA,Skilled birth attendance,Delivery,21.0,23.0,91.3,percent,85,higher_is_better,True,6.3
PHC-009,Bwari PHC,Bwari,2025-11,2025-Q4,SBA,Skilled birth attendance,Delivery,23.0,23.0,100.0,percent,85,higher_is_better,True,15.0
PHC-009,Bwari PHC,Bwari,2025-12,2025-Q4,SBA,Skilled birth attendance,Delivery,26.0,26.0,100.0,percent,85,higher_is_better,True,15.0
PHC-009,Bwari PHC,Bwari,2026-01,2026-Q1,SBA,Skilled birth attendance,Delivery,19.0,21.0,90.5,percent,85,higher_is_better,True,5.5
PHC-009,Bwari PHC,Bwari,2026-02,2026-Q1,SBA,Skilled birth attendance,Delivery,21.0,25.0,84.0,percent,85,higher_is_better,False,-1.0
PHC-009,Bwari PHC,Bwari,2026-03,2026-Q1,SBA,Skilled birth attendance,Delivery,19.0,22.0,86.4,percent,85,higher_is_better,True,1.4
PHC-009,Bwari PHC,Bwari,2026-04,2026-Q2,SBA,Skilled birth attendance,Delivery,17.0,19.0,89.5,percent,85,higher_is_better,True,4.5
PHC-009,Bwari PHC,Bwari,2026-05,2026-Q2,SBA,Skilled birth attendance,Delivery,22.0,22.0,100.0,percent,85,higher_is_better,True,15.0
PHC-009,Bwari PHC,Bwari,2026-06,2026-Q2,SBA,Skilled birth attendance,Delivery,19.0,21.0,90.5,percent,85,higher_is_better,True,5.5
PHC-010,Ushafa PHC,Bwari,2024-07,2024-Q3,SBA,Skilled birth attendance,Delivery,5.0,8.0,62.5,percent,85,higher_is_better,False,-22.5
PHC-010,Ushafa PHC,Bwari,2024-08,2024-Q3,SBA,Skilled birth attendance,Delivery,5.0,8.0,62.5,percent,85,higher_is_better,False,-22.5
PHC-010,Ushafa PHC,Bwari,2024-09,2024-Q3,SBA,Skilled birth attendance,Delivery,7.0,11.0,63.6,percent,85,higher_is_better,False,-21.4
PHC-010,Ushafa PHC,Bwari,2024-10,2024-Q4,SBA,Skilled birth attendance,Delivery,7.0,10.0,70.0,percent,85,higher_is_better,False,-15.0
PHC-010,Ushafa PHC,Bwari,2024-11,2024-Q4,SBA,Skilled birth attendance,Delivery,5.0,11.0,45.5,percent,85,higher_is_better,False,-39.5
PHC-010,Ushafa PHC,Bwari,2024-12,2024-Q4,SBA,Skilled birth attendance,Delivery,7.0,12.0,58.3,percent,85,higher_is_better,False,-26.7
PHC-010,Ushafa PHC,Bwari,2025-01,2025-Q1,SBA,Skilled birth attendance,Delivery,7.0,11.0,63.6,percent,85,higher_is_better,False,-21.4
PHC-010,Ushafa PHC,Bwari,2025-02,2025-Q1,SBA,Skilled birth attendance,Delivery,8.0,11.0,72.7,percent,85,higher_is_better,False,-12.3
PHC-010,Ushafa PHC,Bwari,2025-03,2025-Q1,SBA,Skilled birth attendance,Delivery,8.0,11.0,72.7,percent,85,higher_is_better,False,-12.3
PHC-010,Ushafa PHC,Bwari,2025-04,2025-Q2,SBA,Skilled birth attendance,Delivery,7.0,11.0,63.6,percent,85,higher_is_better,False,-21.4
PHC-010,Ushafa PHC,Bwari,2025-05,2025-Q2,SBA,Skilled birth attendance,Delivery,7.0,11.0,63.6,percent,85,higher_is_better,False,-21.4
PHC-010,Ushafa PHC,Bwari,2025-06,2025-Q2,SBA,Skilled birth attendance,Delivery,7.0,11.0,63.6,percent,85,higher_is_better,False,-21.4
PHC-010,Ushafa PHC,Bwari,2025-07,2025-Q3,SBA,Skilled birth attendance,Delivery,5.0,8.0,62.5,percent,85,higher_is_better,False,-22.5
PHC-010,Ushafa PHC,Bwari,2025-08,2025-Q3,SBA,Skilled birth attendance,Delivery,5.0,8.0,62.5,percent,85,higher_is_better,False,-22.5
PHC-010,Ushafa PHC,Bwari,2025-09,2025-Q3,SBA,Skilled birth attendance,Delivery,6.0,10.0,60.0,percent,85,higher_is_better,False,-25.0
PHC-010,Ushafa PHC,Bwari,2025-10,2025-Q4,SBA,Skilled birth attendance,Delivery,6.0,10.0,60.0,percent,85,higher_is_better,False,-25.0
PHC-010,Ushafa PHC,Bwari,2025-11,2025-Q4,SBA,Skilled birth attendance,Delivery,6.0,10.0,60.0,percent,85,higher_is_better,False,-25.0
PHC-010,Ushafa PHC,Bwari,2025-12,2025-Q4,SBA,Skilled birth attendance,Delivery,7.0,11.0,63.6,percent,85,higher_is_better,False,-21.4
PHC-010,Ushafa PHC,Bwari,2026-01,2026-Q1,SBA,Skilled birth attendance,Delivery,,,,percent,85,higher_is_better,,
PHC-010,Ushafa PHC,Bwari,2026-02,2026-Q1,SBA,Skilled birth attendance,Delivery,7.0,11.0,63.6,percent,85,higher_is_better,False,-21.4
PHC-010,Ushafa PHC,Bwari,2026-03,2026-Q1,SBA,Skilled birth attendance,Delivery,8.0,12.0,66.7,percent,85,higher_is_better,False,-18.3
PHC-010,Ushafa PHC,Bwari,2026-04,2026-Q2,SBA,Skilled birth attendance,Delivery,5.0,10.0,50.0,percent,85,higher_is_better,False,-35.0
PHC-010,Ushafa PHC,Bwari,2026-05,2026-Q2,SBA,Skilled birth attendance,Delivery,6.0,9.0,66.7,percent,85,higher_is_better,False,-18.3
PHC-010,Ushafa PHC,Bwari,2026-06,2026-Q2,SBA,Skilled birth attendance,Delivery,7.0,10.0,70.0,percent,85,higher_is_better,False,-15.0
PHC-012,Igu PHC,Bwari,2024-07,2024-Q3,SBA,Skilled birth attendance,Delivery,6.0,7.0,85.7,percent,85,higher_is_better,True,0.7
PHC-012,Igu PHC,Bwari,2024-08,2024-Q3,SBA,Skilled birth attendance,Delivery,5.0,6.0,83.3,percent,85,higher_is_better,False,-1.7
PHC-012,Igu PHC,Bwari,2024-09,2024-Q3,SBA,Skilled birth attendance,Delivery,4.0,6.0,66.7,percent,85,higher_is_better,False,-18.3
PHC-012,Igu PHC,Bwari,2024-10,2024-Q4,SBA,Skilled birth attendance,Delivery,5.0,7.0,71.4,percent,85,higher_is_better,False,-13.6
PHC-012,Igu PHC,Bwari,2024-11,2024-Q4,SBA,Skilled birth attendance,Delivery,5.0,6.0,83.3,percent,85,higher_is_better,False,-1.7
PHC-012,Igu PHC,Bwari,2024-12,2024-Q4,SBA,Skilled birth attendance,Delivery,5.0,7.0,71.4,percent,85,higher_is_better,False,-13.6
PHC-012,Igu PHC,Bwari,2025-01,2025-Q1,SBA,Skilled birth attendance,Delivery,6.0,8.0,75.0,percent,85,higher_is_better,False,-10.0
PHC-012,Igu PHC,Bwari,2025-02,2025-Q1,SBA,Skilled birth attendance,Delivery,6.0,8.0,75.0,percent,85,higher_is_better,False,-10.0
PHC-012,Igu PHC,Bwari,2025-03,2025-Q1,SBA,Skilled birth attendance,Delivery,6.0,8.0,75.0,percent,85,higher_is_better,False,-10.0
PHC-012,Igu PHC,Bwari,2025-04,2025-Q2,SBA,Skilled birth attendance,Delivery,5.0,8.0,62.5,percent,85,higher_is_better,False,-22.5
PHC-012,Igu PHC,Bwari,2025-05,2025-Q2,SBA,Skilled birth attendance,Delivery,5.0,6.0,83.3,percent,85,higher_is_better,False,-1.7
PHC-012,Igu PHC,Bwari,2025-06,2025-Q2,SBA,Skilled birth attendance,Delivery,5.0,7.0,71.4,percent,85,higher_is_better,False,-13.6
PHC-012,Igu PHC,Bwari,2025-07,2025-Q3,SBA,Skilled birth attendance,Delivery,6.0,7.0,85.7,percent,85,higher_is_better,True,0.7
PHC-012,Igu PHC,Bwari,2025-08,2025-Q3,SBA,Skilled birth attendance,Delivery,5.0,6.0,83.3,percent,85,higher_is_better,False,-1.7
PHC-012,Igu PHC,Bwari,2025-09,2025-Q3,SBA,Skilled birth attendance,Delivery,4.0,6.0,66.7,percent,85,higher_is_better,False,-18.3
PHC-012,Igu PHC,Bwari,2025-10,2025-Q4,SBA,Skilled birth attendance,Delivery,6.0,7.0,85.7,percent,85,higher_is_better,True,0.7
PHC-012,Igu PHC,Bwari,2025-11,2025-Q4,SBA,Skilled birth attendance,Delivery,6.0,8.0,75.0,percent,85,higher_is_better,False,-10.0
PHC-012,Igu PHC,Bwari,2025-12,2025-Q4,SBA,Skilled birth attendance,Delivery,5.0,7.0,71.4,percent,85,higher_is_better,False,-13.6
PHC-012,Igu PHC,Bwari,2026-01,2026-Q1,SBA,Skilled birth attendance,Delivery,6.0,8.0,75.0,percent,85,higher_is_better,False,-10.0
PHC-012,Igu PHC,Bwari,2026-02,2026-Q1,SBA,Skilled birth attendance,Delivery,5.0,7.0,71.4,percent,85,higher_is_better,False,-13.6
PHC-012,Igu PHC,Bwari,2026-03,2026-Q1,SBA,Skilled birth attendance,Delivery,4.0,7.0,57.1,percent,85,higher_is_better,False,-27.9
PHC-012,Igu PHC,Bwari,2026-04,2026-Q2,SBA,Skilled birth attendance,Delivery,6.0,8.0,75.0,percent,85,higher_is_better,False,-10.0
PHC-012,Igu PHC,Bwari,2026-05,2026-Q2,SBA,Skilled birth attendance,Delivery,6.0,8.0,75.0,percent,85,higher_is_better,False,-10.0
PHC-012,Igu PHC,Bwari,2026-06,2026-Q2,SBA,Skilled birth attendance,Delivery,6.0,8.0,75.0,percent,85,higher_is_better,False,-10.0
